canonical_smiles,standard_value
O=c1c2ccc(S(=O)(=O)c3ccc4c(=O)n5c6ccccc6nc5c5cccc3c45)c3cccc(c32)c2nc3ccccc3n12,14000
Brc1cccc[n+]1-c1ccc2cc(-[n+]3ccccc3Br)ccc2c1,11700
Nc1nc(-c2ccccc2)nc2c1[n+]([O-])c1ccccc1[n+]2[O-],1600
O=C1c2cc(Br)ccc2-c2ccc3c4ccc5c6c(ccc(c7ccc1c2c73)c64)C(=O)c1cc(Br)ccc1-5,7700
CCOC(=O)C(C#N)C1c2cc(Br)ccc2OC(N)C1C(=O)OCC,9000
Cc1cc(Cl)cc(C(=O)Nc2cc(S(=O)(=O)c3ccc(Cl)cc3)ccc2Cl)c1O,3300
COc1ccc2c(c1)CCc1cc(OC)ccc1/[N+]([O-])=[N+]\2[O-],10400
Cl.N=C(N)c1ccc(/N=N/c2c(O)ccc3c2[nH]c2ccccc23)cc1,5800
COc1ccc2c(c1)C(=O)C1C=C([N+]#N)C=CC1N2.[Cl-],10400
CCCC[C@H]1C(=O)O[C@H](C)[C@H](NC(=O)c2cccc(NC=O)c2O)C(=O)O[C@@H](C)[C@@H]1OC(=O)CC(C)C,2000
CCSCCCCC(c1ccc(O)cc1)C(C)(CC)c1ccc(O)cc1,9000
CSCC[C@H](NC(=O)[C@H](CCCN=C(N)N)NC(=O)[C@H](CCCN=C(N)N)NC(=O)[C@H](CC(C)C)NC(=O)[C@H](CCC(=O)O)NC(=O)[C@H](CCCN=C(N)N)NC(=O)CNC(=O)[C@H](Cc1ccc(O)cc1)NC(=O)[C@H](CCCN=C(N)N)NC(=O)[C@H](CCC(N)=O)NC(=O)[C@H](C)NC(=O)[C@H](C)NC(=O)[C@H](Cc1c[nH]c2ccccc12)NC(=O)[C@H](CC(C)C)NC(=O)[C@@H](N)CC(N)=O)C(=O)N[C@@H](CO)C(=O)N[C@@H](CC(=O)O)C(=O)N[C@@H](CCC(=O)O)C(=O)N[C@@H](Cc1ccccc1)C(=O)N[C@@H](CCC(=O)O)C(=O)NCC(=O)N[C@@H](CO)C(=O)N[C@@H](Cc1ccccc1)C(=O)N[C@@H](CCCCN)C(=O)NCC(=O)N[C@@H](CC(C)C)C(=O)O,300
CSCC[C@H](NC(=O)[C@H](CCCN=C(N)N)NC(=O)[C@H](CCCN=C(N)N)NC(=O)[C@H](CC(C)C)NC(=O)[C@H](CCC(=O)O)NC(=O)[C@H](CCCN=C(N)N)NC(=O)CNC(=O)[C@H](Cc1ccc(O)cc1)NC(=O)[C@H](CCCN=C(N)N)NC(=O)[C@H](CCC(N)=O)NC(=O)[C@H](C)NC(=O)[C@H](C)NC(=O)[C@H](Cc1c[nH]c2ccccc12)NC(=O)[C@H](CC(C)C)NC(=O)[C@@H](N)CC(N)=O)C(=O)N[C@@H](CO)C(=O)N[C@@H](CC(=O)O)C(=O)N[C@@H](CCC(=O)O)C(=O)N[C@@H](Cc1ccccc1)C(=O)N[C@@H](CCC(=O)O)C(=O)NCC(=O)O,5600
CSCC[C@H](NC(=O)[C@H](CCCN=C(N)N)NC(=O)[C@H](CCCN=C(N)N)NC(=O)[C@H](CC(C)C)NC(=O)[C@H](CCC(=O)O)NC(=O)[C@H](CCCN=C(N)N)NC(=O)CNC(=O)[C@H](Cc1ccc(O)cc1)NC(=O)[C@H](CCCN=C(N)N)NC(=O)[C@@H](N)CCC(N)=O)C(=O)N[C@@H](CO)C(=O)N[C@@H](CC(=O)O)C(=O)N[C@@H](CCC(=O)O)C(=O)N[C@@H](Cc1ccccc1)C(=O)N[C@@H](CCC(=O)O)C(=O)NCC(=O)N[C@@H](CO)C(=O)N[C@@H](Cc1ccccc1)C(=O)N[C@@H](CCCCN)C(=O)NCC(=O)N[C@@H](CC(C)C)C(=O)O,17500
CSCC[C@H](NC(=O)[C@H](CCCN=C(N)N)NC(=O)[C@H](CCCN=C(N)N)NC(=O)[C@H](CC(C)C)NC(=O)[C@H](CCC(=O)O)NC(=O)[C@H](CCCN=C(N)N)NC(=O)CNC(=O)[C@H](Cc1ccc(O)cc1)NC(=O)[C@H](CCCN=C(N)N)NC(=O)[C@H](CCC(N)=O)NC(=O)[C@H](C)NC(=O)[C@H](C)NC(=O)[C@H](Cc1c[nH]c2ccccc12)NC(=O)[C@H](CCCN=C(N)N)NC(=O)[C@@H](N)CC(N)=O)C(=O)N[C@@H](CO)C(=O)N[C@@H](CC(=O)O)C(=O)N[C@@H](CCC(=O)O)C(=O)N[C@@H](Cc1ccccc1)C(=O)N[C@@H](CCC(=O)O)C(=O)NCC(=O)N[C@@H](CO)C(=O)N[C@@H](Cc1ccccc1)C(=O)N[C@@H](CCCCN)C(=O)NCC(=O)N[C@@H](CC(C)C)C(=O)O,49
CSCC[C@H](NC(=O)[C@H](CCCN=C(N)N)NC(=O)[C@H](CCCN=C(N)N)NC(=O)[C@H](CC(C)C)NC(=O)[C@H](CCC(=O)O)NC(=O)[C@H](CCCN=C(N)N)NC(=O)CNC(=O)[C@H](Cc1ccc(O)cc1)NC(=O)[C@H](CCCN=C(N)N)NC(=O)[C@H](CCC(N)=O)NC(=O)[C@H](C)NC(=O)[C@H](C)NC(=O)[C@H](C)NC(=O)[C@H](CC(C)C)NC(=O)[C@@H](C)CC(N)=O)C(=O)N[C@@H](CO)C(=O)N[C@@H](CC(=O)O)C(=O)N[C@@H](CCC(=O)O)C(=O)N[C@@H](Cc1ccccc1)C(=O)N[C@@H](CCC(=O)O)C(=O)NCC(=O)N[C@@H](CO)C(=O)N[C@@H](Cc1ccccc1)C(=O)N[C@@H](CCCCN)C(=O)NCC(=O)N[C@@H](CC(C)C)C(=O)O,410
CSCC[C@H](NC(=O)[C@H](CCCN=C(N)N)NC(=O)[C@H](CCCN=C(N)N)NC(=O)[C@H](CC(C)C)NC(=O)[C@H](CCC(=O)O)NC(=O)[C@H](CCCN=C(N)N)NC(=O)CNC(=O)[C@H](Cc1ccc(O)cc1)NC(=O)[C@H](CCCN=C(N)N)NC(=O)[C@H](CCC(N)=O)NC(=O)[C@H](C)NC(=O)[C@H](C)NC(=O)[C@H](Cc1c[nH]c2ccccc12)NC(=O)[C@H](CC(C)C)NC(=O)[C@@H](N)CC(N)=O)C(=O)N[C@@H](CO)C(=O)N[C@@H](CC(=O)O)C(=O)N[C@@H](CCC(=O)O)C(=O)N[C@@H](Cc1ccccc1)C(=O)N[C@@H](CCC(=O)O)C(=O)NCC(=O)N[C@@H](C)C(=O)N[C@@H](Cc1ccccc1)C(=O)N[C@@H](CCCCN)C(=O)NCC(=O)N[C@@H](CC(C)C)C(=O)O,800
CSCC[C@H](NC(=O)[C@H](CCCN=C(N)N)NC(=O)[C@H](CCCN=C(N)N)NC(=O)[C@H](CC(C)C)NC(=O)[C@H](CCC(=O)O)NC(=O)[C@H](CCCN=C(N)N)NC(=O)CNC(=O)[C@H](Cc1ccc(O)cc1)NC(=O)[C@H](CCCN=C(N)N)NC(=O)[C@H](CCC(N)=O)NC(=O)[C@H](C)NC(=O)[C@H](C)NC(=O)[C@H](Cc1c[nH]c2ccccc12)NC(=O)[C@H](CC(C)C)NC(=O)[C@@H](N)CC(N)=O)C(=O)N[C@@H](CO)C(=O)N[C@@H](CC(=O)O)C(=O)N[C@@H](CCC(=O)O)C(=O)N[C@@H](Cc1ccccc1)C(=O)N[C@@H](CCC(=O)O)C(=O)NCC(=O)N[C@@H](CO)C(=O)N[C@@H](C)C(=O)N[C@@H](CCCCN)C(=O)NCC(=O)N[C@@H](CC(C)C)C(=O)O,1360
CC[C@H](C)[C@H](NC(=O)[C@H](C)NC(=O)[C@H](CC(C)C)NC(=O)[C@H](CCC(N)=O)NC(=O)[C@H](CCCN=C(N)N)NC(=O)CNC(=O)[C@@H](NC(=O)[C@H](CCC(N)=O)NC(=O)CN)C(C)C)C(=O)N[C@H](C(=O)NCC(=O)N[C@@H](CC(=O)O)C(=O)N[C@@H](CC(=O)O)C(=O)N[C@H](C(=O)N[C@@H](CC(N)=O)C(=O)N[C@@H](CCCN=C(N)N)C(=O)O)[C@@H](C)CC)[C@@H](C)CC,8360
CC[C@H](C)[C@H](NC(=O)[C@H](C)NC(=O)[C@H](CC(C)C)NC(=O)[C@H](CCC(N)=O)NC(=O)[C@H](CCCN=C(N)N)NC(=O)CNC(=O)[C@@H](NC(=O)[C@H](CCC(N)=O)NC(=O)CNC(=O)[C@H](CCSC)NC(=O)[C@@H](NC(=O)[C@H](CO)NC(=O)[C@H](CO)NC(=O)[C@@H]1CCCN1)[C@@H](C)O)C(C)C)C(=O)N[C@H](C(=O)NCC(=O)N[C@@H](CC(=O)O)C(=O)N[C@@H](CC(=O)O)C(=O)N[C@H](C(=O)N[C@@H](CC(N)=O)C(=O)N[C@@H](CCCN=C(N)N)C(=O)N[C@@H](CCCN=C(N)N)C(=O)N[C@@H](Cc1ccc(O)cc1)C(=O)N[C@@H](CC(=O)O)C(=O)N[C@@H](CO)C(=O)N[C@@H](CCC(=O)O)C(=O)O)[C@@H](C)CC)[C@@H](C)CC,3030
CC[C@H](C)[C@H](NC(=O)[C@H](C)NC(=O)[C@H](CC(C)C)NC(=O)[C@H](CCC(N)=O)NC(=O)[C@H](CCCN=C(N)N)NC(=O)CNC(=O)[C@@H](NC(=O)[C@H](CCC(N)=O)NC(=O)CNC(=O)[C@H](C)NC(=O)[C@H](C)NC(=O)[C@H](Cc1c[nH]c2ccccc12)NC(=O)[C@H](CC(C)C)NC(=O)[C@@H](N)CC(N)=O)C(C)C)C(=O)N[C@H](C(=O)NCC(=O)N[C@@H](CC(=O)O)C(=O)N[C@@H](CC(=O)O)C(=O)N[C@H](C(=O)N[C@@H](CC(N)=O)C(=O)N[C@@H](CCCN=C(N)N)C(=O)N[C@@H](CO)C(=O)N[C@@H](Cc1ccccc1)C(=O)N[C@@H](CCCCN)C(=O)NCC(=O)N[C@@H](CC(C)C)C(=O)O)[C@@H](C)CC)[C@@H](C)CC,650
CC[C@H](C)[C@H](NC(=O)[C@H](CCCN=C(N)N)NC(=O)[C@H](CCCCN)NC(=O)[C@H](CC(C)C)NC(=O)[C@H](CS)NC(=O)[C@H](CCC(=O)O)NC(=O)[C@H](CO)NC(=O)[C@H](CC(C)C)NC(=O)[C@H](CCCCN)NC(=O)[C@@H](N)CCCCN)C(=O)NCC(=O)N[C@@H](CC(=O)O)C(=O)N[C@@H](CCC(=O)O)C(=O)N[C@@H](CC(C)C)C(=O)N[C@@H](CC(=O)O)C(=O)N[C@@H](CO)C(=O)O,29070
CC[C@H](C)[C@H](NC(=O)[C@H](CCCN=C(N)N)NC(=O)[C@H](CCCCN)NC(=O)[C@H](CC(C)C)NC(=O)[C@H](CS)NC(=O)[C@H](CCC(=O)O)NC(=O)[C@H](CO)NC(=O)[C@H](CC(C)C)NC(=O)[C@H](CCCCN)NC(=O)[C@H](CCCCN)NC(=O)[C@@H](NC(=O)[C@H](CO)NC(=O)[C@H](C)NC(=O)[C@H](CC(=O)O)NC(=O)[C@@H](N)CCC(N)=O)[C@@H](C)O)C(=O)NCC(=O)N[C@@H](CC(=O)O)C(=O)N[C@@H](CCC(=O)O)C(=O)N[C@@H](CC(C)C)C(=O)N[C@@H](CC(=O)O)C(=O)N[C@@H](CO)C(=O)N[C@@H](CC(N)=O)C(=O)N[C@@H](CCSC)C(=O)N[C@@H](CCC(=O)O)C(=O)N[C@@H](CC(C)C)C(=O)N[C@@H](CCC(N)=O)C(=O)O,2880
CC[C@H](C)[C@H](NC(=O)[C@H](CCCN=C(N)N)NC(=O)[C@H](CCCCN)NC(=O)[C@H](CC(C)C)NC(=O)[C@H](CS)NC(=O)[C@H](CCC(=O)O)NC(=O)[C@H](CO)NC(=O)[C@H](CC(C)C)NC(=O)[C@H](CCCCN)NC(=O)[C@H](CCCCN)NC(=O)[C@H](C)NC(=O)[C@H](C)NC(=O)[C@H](Cc1c[nH]c2ccccc12)NC(=O)[C@H](CC(C)C)NC(=O)[C@@H](N)CC(N)=O)C(=O)NCC(=O)N[C@@H](CC(=O)O)C(=O)N[C@@H](CCC(=O)O)C(=O)N[C@@H](CC(C)C)C(=O)N[C@@H](CC(=O)O)C(=O)N[C@@H](CO)C(=O)N[C@@H](CO)C(=O)N[C@@H](Cc1ccccc1)C(=O)N[C@@H](CCCCN)C(=O)NCC(=O)N[C@@H](CC(C)C)C(=O)O,1330
CC[C@H](C)[C@H](NC(=O)[C@H](CC(N)=O)NC(=O)[C@@H](N)CCCN=C(N)N)C(=O)N[C@@H](C)C(=O)N[C@@H](CCCN=C(N)N)C(=O)N[C@@H](Cc1c[nH]cn1)C(=O)N[C@@H](CC(C)C)C(=O)N[C@@H](C)C(=O)N[C@@H](CCC(N)=O)C(=O)N[C@H](C(=O)NCC(=O)N[C@@H](CC(=O)O)C(=O)N[C@@H](CO)C(=O)N[C@@H](CCSC)C(=O)N[C@@H](CC(=O)O)C(=O)N[C@@H](CCCN=C(N)N)C(=O)O)C(C)C,22340
CC[C@H](C)[C@H](NC(=O)[C@H](CC(N)=O)NC(=O)[C@H](CCCN=C(N)N)NC(=O)[C@@H](NC(=O)[C@@H](NC(=O)[C@H](CC(=O)O)NC(=O)[C@H](CCC(=O)O)NC(=O)[C@@H](N)CCC(N)=O)[C@@H](C)CC)[C@@H](C)CC)C(=O)N[C@@H](C)C(=O)N[C@@H](CCCN=C(N)N)C(=O)N[C@@H](Cc1c[nH]cn1)C(=O)N[C@@H](CC(C)C)C(=O)N[C@@H](C)C(=O)N[C@@H](CCC(N)=O)C(=O)N[C@H](C(=O)NCC(=O)N[C@@H](CC(=O)O)C(=O)N[C@@H](CO)C(=O)N[C@@H](CCSC)C(=O)N[C@@H](CC(=O)O)C(=O)N[C@@H](CCCN=C(N)N)C(=O)N[C@@H](CO)C(=O)N[C@H](C(=O)N1CCC[C@H]1C(=O)N1CCC[C@H]1C(=O)NCC(=O)O)[C@@H](C)CC)C(C)C,14080
CC[C@H](C)[C@H](NC(=O)[C@H](CC(N)=O)NC(=O)[C@H](CCCN=C(N)N)NC(=O)[C@H](C)NC(=O)[C@H](C)NC(=O)[C@H](Cc1c[nH]c2ccccc12)NC(=O)[C@H](CC(C)C)NC(=O)[C@@H](N)CC(N)=O)C(=O)N[C@@H](C)C(=O)N[C@@H](CCCN=C(N)N)C(=O)N[C@@H](Cc1c[nH]cn1)C(=O)N[C@@H](CC(C)C)C(=O)N[C@@H](C)C(=O)N[C@@H](CCC(N)=O)C(=O)N[C@H](C(=O)NCC(=O)N[C@@H](CC(=O)O)C(=O)N[C@@H](CO)C(=O)N[C@@H](CCSC)C(=O)N[C@@H](CC(=O)O)C(=O)N[C@@H](CCCN=C(N)N)C(=O)N[C@@H](CO)C(=O)N[C@@H](Cc1ccccc1)C(=O)N[C@@H](CCCCN)C(=O)NCC(=O)N[C@@H](CC(C)C)C(=O)O)C(C)C,1560
O=C(NS(=O)(=O)c1ccc(NCCSc2ccccc2)c([N+](=O)[O-])c1)c1ccc(-c2ccc(F)cc2)cc1,6300
CC(C)(C)C[C@H]1N[C@@H](C(=O)NCCN2CCOCC2)[C@H](c2cccc(Cl)c2F)[C@@]12C(=O)Nc1cc(Cl)ccc12,50000
Cc1cc2c(C(C)C)c(O)c(O)c(C=O)c2c(O)c1-c1c(C)cc2c(C(C)C)c(O)c(O)c(C=O)c2c1O,500
CC[C@H](C)[C@H](NC(=O)[C@H](CCCN=C(N)N)NC(=O)[C@H](CCCN=C(N)N)NC(=O)[C@H](CC(C)C)NC(=O)[C@H](CCC(=O)O)NC(=O)[C@H](CCC(N)=O)NC(=O)[C@H](C)NC(=O)[C@@H](NC(=O)[C@H](Cc1c[nH]c2ccccc12)NC(=O)[C@@H](NC(=O)[C@H](CCC(=O)O)NC(=O)[C@@H]1CCCN1C(=O)[C@H](CCCN=C(N)N)NC(=O)[C@H](CCSC)NC(=O)[C@@H](N)CC(=O)O)[C@@H](C)CC)[C@@H](C)CC)C(=O)NCC(=O)N[C@@H](CC(=O)O)C(=O)N[C@@H](CCC(=O)O)C(=O)N[C@@H](Cc1ccccc1)C(=O)N[C@@H](CC(N)=O)C(=O)N[C@@H](C)C(=O)N[C@@H](Cc1ccc(O)cc1)C(=O)N[C@@H](Cc1ccc(O)cc1)C(=O)N[C@@H](C)C(=O)N[C@@H](CCCN=C(N)N)C(=O)N[C@@H](CCCN=C(N)N)C(=O)O,11
CC(C)c1ccccc1Cc1cc(C(=O)Nc2ccc(S(=O)(=O)c3ccccc3C(C)(C)C)cc2)c(O)c(O)c1O,700
O=C(Nc1ccc(S(=O)(=O)c2ccccc2)cc1)c1cc(Cc2ccccc2)c(O)c(O)c1O,1600
O=C(Nc1ccccc1)c1cc(Cc2ccccc2)c(O)c(O)c1O,7200
CC(C)c1cc(C(=O)Nc2ccccc2)c(O)c(O)c1O,53100
COc1c(Cc2ccccc2C(C)C)cc(C(=O)Nc2ccc(S(=O)(=O)c3ccccc3C(C)(C)C)cc2)c(OC)c1OC,100000
CN(CCCc1ccccc1)S(=O)(=O)c1cc(C(=O)N2CCc3ccc(S(=O)(=O)NCCc4ccccc4)cc3C2)c(O)c(O)c1O,330
CC(C)c1cc(C(=O)N2CCc3ccc(S(=O)(=O)NCCc4ccccc4)cc3C2)c(O)c(O)c1O,6600
CC(C)c1cc(C(=O)N2CCc3ccccc3C2)c(O)c(O)c1O,38200
O=C(c1ccc(Oc2ccccc2)cc1)c1cc(C(=O)c2nc3ccccc3s2)c(O)c(O)c1O,170
O=C(c1ccc(Oc2ccccc2)cc1)c1cc(C(=O)c2cccc3ccccc23)c(O)c(O)c1O,290
CC(C)C(=O)c1cc(C(=O)c2ccc(Oc3ccccc3)cc2)c(O)c(O)c1O,2600
CC(C)c1cc(C(=O)c2ccc(Oc3ccccc3)cc2)c(O)c(O)c1O,3400
CC(C)c1cc(C(=O)c2ccccc2)c(O)c(O)c1O,41600
Cc1cc(C(=O)N2CCc3ccccc3C2)nn1-c1ccccc1C(=O)N1CCc2ccccc2C1,1500
Cc1cc(C(=O)Nc2ccccc2)nn1-c1ccccc1C(=O)N1CCc2ccccc2C1,50000
Cc1cc(C(=O)N(C)c2ccccc2)nn1-c1ccccc1C(=O)N1CCc2ccccc2C1,2500
Cc1cc(C(=O)N(C)c2ccc(F)cc2)nn1-c1ccccc1C(=O)N1CCc2ccccc2C1,10700
Cc1cc(C(=O)N(C)c2cccc(F)c2)nn1-c1ccccc1C(=O)N1CCc2ccccc2C1,2300
Cc1cc(C(=O)N(C)c2ccccc2F)nn1-c1ccccc1C(=O)N1CCc2ccccc2C1,3000
CCN(C(=O)c1cc(C)n(-c2ccccc2C(=O)N2CCc3ccccc3C2)n1)c1ccccc1,1900
Cc1cc(C(=O)N(c2ccccc2)C(C)C)nn1-c1ccccc1C(=O)N1CCc2ccccc2C1,7700
Cc1cc(C(=O)N(c2ccccc2)C2CCCCC2)nn1-c1ccccc1C(=O)N1CCc2ccccc2C1,1400
Cc1cc(C(=O)N(c2ccccc2)c2ccccc2)nn1-c1ccccc1C(=O)N1CCc2ccccc2C1,800
Cc1cc(C(=O)N(c2ccccc2)c2ccccc2)nn1-c1ccccc1C(=O)N1Cc2ccccc2C[C@H]1CO,190
Cc1cc(C(=O)N(c2ccccc2)c2ccccc2)nn1-c1ccccc1C(=O)N1Cc2ccccc2C[C@H]1CN,110
COC[C@@H]1Cc2ccccc2CN1C(=O)c1ccccc1-n1nc(C(=O)N(c2ccccc2)c2ccccc2)cc1C,160
CC(=O)NC[C@@H]1Cc2ccccc2CN1C(=O)c1ccccc1-n1nc(C(=O)N(c2ccccc2)c2ccccc2)cc1C,730
Cc1cc(C(=O)N(c2ccccc2)c2ccccc2)nn1-c1ccccc1C(=O)N1Cc2ccccc2C[C@H]1CNS(C)(=O)=O,1050
CCOC(=O)[C@@H]1Cc2ccccc2CN1C(=O)c1ccccc1-n1nc(C(=O)N(c2ccccc2)c2ccccc2)cc1C,5610
COC(=O)C[C@@H]1Cc2ccccc2CN1C(=O)c1ccccc1-n1nc(C(=O)N(c2ccccc2)c2ccccc2)cc1C,280
Cc1cc(C(=O)N(c2ccccc2)c2ccccc2)nn1-c1ccccc1C(=O)N1Cc2ccccc2C[C@H]1CN(C)C,150
CNC[C@@H]1Cc2ccccc2CN1C(=O)c1ccccc1-n1nc(C(=O)N(c2ccccc2)c2ccccc2)cc1C,140
Cc1cc(C(=O)N(c2ccccc2)c2ccccc2)nn1-c1ccccc1C(=O)N1Cc2ccccc2C[C@H]1C,110
Cc1c(Br)c(C(=O)N(c2ccccc2)c2ccccc2)nn1-c1ccccc1C(=O)N1Cc2ccccc2C[C@H]1CO,40
Cc1c(Cl)c(C(=O)N(c2ccccc2)c2ccccc2)nn1-c1ccccc1C(=O)N1Cc2ccccc2C[C@H]1CO,50
Cc1c(Cl)c(C(=O)N(c2ccccc2)c2ccccc2)nn1-c1ccccc1C(=O)N1Cc2ccccc2C[C@H]1CN,30
CCN(CC)C(=O)c1nn(-c2ccccc2C(=O)N2Cc3ccccc3C[C@H]2CO)c(C)c1Br,3670
CCCCN(CCCC)C(=O)c1cc(C)n(-c2ccccc2C(=O)N2CCc3ccccc3C2)n1,230
CCCCN(CCCC)C(=O)c1nn(-c2ccccc2C(=O)N2Cc3ccccc3C[C@H]2CO)c(C)c1Cl,100
CCCCN(CCCC)C(=O)c1nn(-c2ccccc2C(=O)N2Cc3ccccc3C[C@H]2CN)c(C)c1Cl,20
CCCCN(CCCC)C(=O)c1nn(-c2ccc(N)cc2C(=O)N2CCc3ccccc3C2)c(C)c1Cl,90
CCCCN(CCCC)C(=O)c1nn(-c2ccc(NC(=O)c3ccccc3)cc2C(=O)N2CCc3ccccc3C2)c(C)c1Cl,810
CCCCN(CCCC)C(=O)c1nn(-c2ccc(NC(=O)Cc3ccccc3)cc2C(=O)N2CCc3ccccc3C2)c(C)c1Cl,40
CCCCN(CCCC)C(=O)c1nn(-c2ccc(NC(=O)COc3ccccc3)cc2C(=O)N2CCc3ccccc3C2)c(C)c1Cl,40
CCCCN(CCCC)C(=O)c1nn(-c2ccc(NS(=O)(=O)Cc3ccccc3)cc2C(=O)N2CCc3ccccc3C2)c(C)c1Cl,250
CCCCN(CCCC)C(=O)c1cc(C)n(-c2ccc(OCC(=O)c3ccccc3)cc2C(=O)N2CCc3ccccc3C2)n1,20
CCCCN(CCCC)C(=O)c1cc(C)n(-c2ccc(OCC(=O)O)cc2C(=O)N2CCc3ccccc3C2)n1,10
CCCCN(CCCC)C(=O)c1cc(C)n(-c2ccc(NC(=O)CSc3ccccc3)cc2C(=O)N2CCc3ccccc3C2)n1,600
CCCCN(CCCC)C(=O)c1cc(C)n(-c2ccc(NC(=O)COc3ccccc3)cc2C(=O)N2CCc3ccccc3C2)n1,510
CCCCN(CCCC)C(=O)c1nn(-c2ccc(N)cc2C(=O)N2Cc3ccccc3C[C@H]2CN)c(C)c1Cl,380
CCCCN(CCCC)C(=O)c1nn(-c2ccc(NC(=O)COc3ccccc3)cc2C(=O)N2Cc3ccccc3C[C@H]2CN)c(C)c1Cl,30
CCCCN(CCCC)C(=O)c1nn(-c2ccc(NCc3ccncc3)cc2C(=O)N2Cc3ccccc3C[C@H]2CN)c(C)c1Cl,650
CCCCN(CCCC)C(=O)c1cc(C)n(-c2cccc(C)c2C(=O)N2Cc3ccccc3C[C@H]2CN)n1,175
Cc1cccc(-n2nc(C(=O)N(c3ccccc3)c3ccccc3)cc2C)c1C(=O)N1Cc2ccccc2C[C@@H]1CO,390
Cc1cccc(-n2nc(C(=O)N(c3ccccc3)c3ccccc3)cc2C)c1C(=O)N1Cc2ccccc2C[C@H]1CO,210
Cc1cccc(-n2nc(C(=O)N(c3ccccc3)c3ccccc3)cc2C)c1C(=O)N1Cc2ccccc2CC1CO,600
CCCCN(CCCC)C(=O)c1nn(-c2cccc(C)c2C(=O)N2Cc3ccccc3C[C@H]2CN)c(C)c1Cl,42
CCCCN(CCCC)C(=O)c1cc(C)n(-c2cccc(Cl)c2C(=O)N2Cc3ccccc3C[C@H]2CN)n1,1070
Cc1cc2c(CCc3ccccc3)c(O)c(O)cc2c(O)c1-c1c(C)cc2c(CCc3ccccc3)c(O)c(O)cc2c1O,480
Cc1cc2c(C(=O)NC3Cc4ccccc4C3)c(O)c(O)cc2c(O)c1-c1c(C)cc2c(C(=O)NC3Cc4ccccc4C3)c(O)c(O)cc2c1O,700
Cc1cc2c(C(=O)NCC(C)c3ccccc3)c(O)c(O)cc2c(O)c1-c1c(C)cc2c(C(=O)NCC(C)c3ccccc3)c(O)c(O)cc2c1O,320
Cc1cc2c(C(=O)NCCc3cccc(Cl)c3)c(O)c(O)cc2c(O)c1-c1c(C)cc2c(C(=O)NCCc3cccc(Cl)c3)c(O)c(O)cc2c1O,4400
CCc1ccc(CCNC(=O)c2c(O)c(O)cc3c(O)c(-c4c(C)cc5c(C(=O)NCCc6ccc(CC)cc6)c(O)c(O)cc5c4O)c(C)cc23)cc1,670
Cc1cc2c(C(=O)NCCc3ccccc3)c(O)c(O)cc2c(O)c1-c1c(C)cc2c(C(=O)NCCc3ccccc3)c(O)c(O)cc2c1O,150
Cc1cc2c(C(=O)NCC3CCCCC3)c(O)c(O)cc2c(O)c1-c1c(C)cc2c(C(=O)NCC3CCCCC3)c(O)c(O)cc2c1O,710
Cc1cc2c(C(=O)NC(C)c3ccc(Cl)cc3)c(O)c(O)cc2c(O)c1-c1c(C)cc2c(C(=O)NC(C)c3ccc(Cl)cc3)c(O)c(O)cc2c1O,490
Cc1cc(C)c(CNC(=O)c2c(O)c(O)cc3c(O)c(-c4c(C)cc5c(C(=O)NCc6c(C)cc(C)cc6C)c(O)c(O)cc5c4O)c(C)cc23)c(C)c1,700
Cc1cc2c(C(C)C)c(O)c(O)cc2c(O)c1-c1c(C)cc2c(C(C)C)c(O)c(O)cc2c1O,80000
COc1ccccc1C1C2=C(N=c3s/c(=C\c4cccc(OCC(=O)O)c4)c(=O)n31)c1ccccc1CC2,3100
COc1ccc(C2C3=C(N=c4s/c(=C\c5ccc(OCc6cccc(C(=O)O)c6)c(OC)c5)c(=O)n42)c2ccccc2CC3)cc1,3200
O=C(O)c1cccc(-c2ccc(/C=c3\sc4n(c3=O)C(c3cccc(F)c3)C3=C(N=4)c4ccccc4CC3)o2)c1,8000
COc1ccc(C2C3=C(N=c4s/c(=C\c5ccc(-c6cccc(C(=O)O)c6)o5)c(=O)n42)c2ccccc2CC3)cc1,11100
COc1cccc(C2C3=C(N=c4s/c(=C\c5ccc(-c6cccc(C(=O)O)c6)o5)c(=O)n42)c2ccccc2CC3)c1,19400
Oc1cc(Cc2ccccc2)c(Cc2ccccc2)cc1O,4700
Cc1cc2c(C(=O)NC[C@@H](C)c3ccccc3)c(O)c(O)cc2c(O)c1-c1c(C)cc2c(C(=O)NC[C@@H](C)c3ccccc3)c(O)c(O)cc2c1O,430
Cc1cc2c(C(=O)NC[C@H](C)c3ccccc3)c(O)c(O)cc2c(O)c1-c1c(C)cc2c(C(=O)NC[C@H](C)c3ccccc3)c(O)c(O)cc2c1O,1140
CC1=C(C2=C(C)C(=O)c3c(cc(O)c(O)c3C(C)C)C2=O)C(=O)c2cc(O)c(O)c(C(C)C)c2C1=O,370
CC1=C(C2=C(C)C(=O)c3c(cc(O)c(O)c3C(=O)NCC(C)c3ccccc3)C2=O)C(=O)c2cc(O)c(O)c(C(=O)NCC(C)c3ccccc3)c2C1=O,230
CCc1ccc(CCNC(=O)c2c(O)c(O)cc3c2C(=O)C(C)=C(C2=C(C)C(=O)c4c(cc(O)c(O)c4C(=O)NCCc4ccc(CC)cc4)C2=O)C3=O)cc1,210
CC1=C(C2=C(C)C(=O)c3c(cc(O)c(O)c3C(=O)Cc3ccccc3)C2=O)C(=O)c2cc(O)c(O)c(C(=O)Cc3ccccc3)c2C1=O,220
CC1=C(C2=C(C)C(=O)c3c(cc(O)c(O)c3CC(C)C)C2=O)C(=O)c2cc(O)c(O)c(CC(C)C)c2C1=O,250
CC1=C(C2=C(C)C(=O)c3c(cc(O)c(O)c3CC3CCCC3)C2=O)C(=O)c2cc(O)c(O)c(CC3CCCC3)c2C1=O,2270
CC1=C(C2=C(C)C(=O)c3c(cc(O)c(O)c3CCC3CCCCC3)C2=O)C(=O)c2cc(O)c(O)c(CCC3CCCCC3)c2C1=O,6730
CC1=C(C2=C(C)C(=O)c3c(cc(O)c(O)c3CCc3ccccc3)C2=O)C(=O)c2cc(O)c(O)c(CCc3ccccc3)c2C1=O,2570
CC1=C(C2=C(C)C(=O)c3c(cc(O)c(O)c3CCc3ccc(C)cc3)C2=O)C(=O)c2cc(O)c(O)c(CCc3ccc(C)cc3)c2C1=O,3120
CC1=C(C2=C(C)C(=O)c3c(cc(O)c(O)c3CCCc3ccccc3)C2=O)C(=O)c2cc(O)c(O)c(CCCc3ccccc3)c2C1=O,2170
CC1=C(C2=C(C)C(=O)c3c(cc(O)c(O)c3Cc3ccccc3)C2=O)C(=O)c2cc(O)c(O)c(Cc3ccccc3)c2C1=O,290
CC1=C(C2=C(C)C(=O)c3c(cc(O)c(O)c3Cc3ccc(Cl)cc3)C2=O)C(=O)c2cc(O)c(O)c(Cc3ccc(Cl)cc3)c2C1=O,340
N#CC1=C2C(=NC1=O)c1cccc3c(N4CCSCC4)ccc2c13,285
CCC(C)(C)c1ccc(Sc2ccc3c4c(cccc24)C2=NC(=O)C(C#N)=C23)cc1,342
N#CC1=C2C(=NC1=O)c1cccc3c(Sc4ccc(N)cc4)ccc2c13,302
CN(C)CC[C@H](CSc1ccccc1)Nc1ccc(S(=O)(=O)NC(=O)c2ccc(N3CCN(Cc4ccccc4-c4ccc(Cl)cc4)CC3)cc2)cc1[N+](=O)[O-],6.1
CN(C)CC[C@H](CSc1ccccc1)Nc1ccc(S(=O)(=O)Nc2ncnc3cc(N4CCN(Cc5ccccc5-c5ccc(Cl)cc5)CC4)ccc23)cc1[N+](=O)[O-],8.7
O=[N+]([O-])c1cc(S(=O)(=O)Nc2ncnc3cc(N4CCN(Cc5ccccc5-c5ccc(Cl)cc5)CC4)ccc23)ccc1N[C@H](CCN1CCOCC1)CSc1ccccc1,21
CN(C)CC[C@H](CSc1ccccc1)Nc1ccc(S(=O)(=O)Nc2ncnc3cc(N4CCN(Cc5ccccc5-c5ccc(Cl)cc5)CC4)ccc23)cc1S(=O)(=O)C(F)(F)F,13
O=S(=O)(Nc1ncnc2cc(N3CCN(Cc4ccccc4-c4ccc(Cl)cc4)CC3)ccc12)c1ccc(N[C@H](CCN2CCOCC2)CSc2ccccc2)c(S(=O)(=O)C(F)(F)F)c1,81
CN(C)CC[C@H](CSc1ccccc1)Nc1ccc(S(=O)(=O)Nc2ncnc3cc(N4CCN(CC5=C(c6ccc(Cl)cc6)CCC(C)(C)C5)CC4)ccc23)cc1[N+](=O)[O-],12
CC1(C)CCC(c2ccc(Cl)cc2)=C(CN2CCN(c3ccc4c(NS(=O)(=O)c5ccc(N[C@H](CCN6CCOCC6)CSc6ccccc6)c([N+](=O)[O-])c5)ncnc4c3)CC2)C1,21
CN(C)CC[C@H](CSc1ccccc1)Nc1ccc(S(=O)(=O)Nc2ncnc3cc(N4CCN(CC5=C(c6ccc(Cl)cc6)CCC(C)(C)C5)CC4)ccc23)cc1S(=O)(=O)C(F)(F)F,5
CC1(C)CCC(c2ccc(Cl)cc2)=C(CN2CCN(c3ccc4c(NS(=O)(=O)c5ccc(N[C@H](CCN6CCOCC6)CSc6ccccc6)c(S(=O)(=O)C(F)(F)F)c5)ncnc4c3)CC2)C1,84
CCOC(=O)c1nn(-c2ccccc2)c(C)c1-c1ccc(C(=O)NS(=O)(=O)c2ccc3ccccc3c2)cc1C(=O)N1CCc2ccccc2C1,4190
CCCCc1c(-c2ccc(C(=O)NS(=O)(=O)c3ccc4ccccc4c3)cc2C(=O)N2CCc3ccccc3C2)c(C(=O)OCC)nn1-c1ccccc1,660
CCCCc1c(-c2ccc(C(=O)NS(=O)(=O)c3ccc4ccccc4c3)cc2C(=O)N2CCc3ccccc3C2)c(C(=O)O)nn1-c1ccccc1,170
CCCCc1c(-c2ccc(C(=O)NS(=O)(=O)c3ccc4ccccc4c3)cc2C(=O)N2CCc3ccccc3C2)c(CO)nn1-c1ccccc1,61
CCCCc1c(-c2ccc(C(=O)NS(=O)(=O)c3ccc4ccccc4c3)cc2C(=O)N2CCc3ccccc3C2)c(C(=O)OCC)nn1-c1ccc(OC)cc1,1790
CCCCc1c(-c2ccc(C(=O)NS(=O)(=O)c3ccc4ccccc4c3)cc2C(=O)N2CCc3ccccc3C2)c(C(=O)OCC)nn1-c1cccc(Oc2ccccc2)c1,140
CCCCc1c(-c2ccc(C(=O)NS(=O)(=O)c3ccc4ccccc4c3)cc2C(=O)N2CCc3ccccc3C2)c(C(=O)OCC)nn1-c1ccc(Oc2ccccc2)cc1,100
CCCCc1c(-c2ccc(C(=O)NS(=O)(=O)c3ccc4ccccc4c3)cc2C(=O)N2CCc3ccccc3C2)c(CO)nn1-c1ccc(Oc2ccccc2)cc1,130
CCCCc1c(-c2ccc(C(=O)NS(=O)(=O)c3ccc4ccccc4c3)cc2C(=O)N2CCc3ccccc3C2)c(CO)nn1-c1ccc(Oc2ccc(Cl)cc2)cc1,22
CCCCc1c(-c2ccc(C(=O)NS(=O)(=O)c3ccc4ccccc4c3)cc2C(=O)N2CCc3ccccc3C2)c(CO)nn1-c1ccc(Oc2cccc(Cl)c2)cc1,8
CCCCOc1ccc(-n2nc(CO)c(-c3ccc(C(=O)NS(=O)(=O)c4ccc5ccccc5c4)cc3C(=O)N3CCc4ccccc4C3)c2CCCC)cc1,45
CCCCc1c(-c2ccc(C(=O)NS(=O)(=O)c3ccc4ccccc4c3)cc2C(=O)N2CCc3ccccc3C2)c(CO)nn1-c1ccc(-c2ccccc2)cc1,7
CCCCc1c(-c2ccc(C(=O)NS(=O)(=O)c3ccc4ccccc4c3)cc2C(=O)N2CCc3ccccc3C2)c(CO)nn1-c1ccc(CCO)cc1,20
CCCCc1c(-c2ccc(C(=O)NS(=O)(=O)c3ccc4ccccc4c3)cc2C(=O)N2CCc3ccccc3C2)c(CO)nn1-c1ccc(CCCO)cc1,14
CCCCc1c(-c2ccc(C(=O)NS(=O)(=O)c3ccc4ccccc4c3)cc2C(=O)N2CCc3ccccc3C2)c(CO)nn1-c1cccc(CO)c1,71
CCCCc1c(-c2ccc(C(=O)NS(=O)(=O)c3ccc4ccccc4c3)cc2C(=O)N2Cc3ccccc3C[C@H]2CO)c(CO)nn1-c1ccccc1,11
CCCCc1c(-c2ccc(C(=O)NS(=O)(=O)c3ccc4ccccc4c3)cc2C(=O)N2Cc3ccccc3C[C@H]2CN)c(CO)nn1-c1ccccc1,24
CCCCc1c(-c2ccc(C(=O)NS(=O)(=O)CC[Si](C)(C)C)cc2C(=O)N2CCc3ccccc3C2)c(CO)nn1-c1ccccc1,190
CCCCc1c(-c2ccc(C(=O)NS(=O)(=O)CC)cc2C(=O)N2CCc3ccccc3C2)c(CO)nn1-c1ccc(Oc2cccc(Cl)c2)cc1,190
CCCCCS(=O)(=O)NC(=O)c1ccc(-c2c(CO)nn(-c3ccc(Oc4cccc(Cl)c4)cc3)c2CCCC)c(C(=O)N2CCc3ccccc3C2)c1,65
CCCCc1c(-c2ccc(C(=O)NS(=O)(=O)c3ccc4cccc(Cl)c4c3)cc2C(=O)N2CCc3ccccc3C2)c(CO)nn1-c1ccc(Oc2cccc(Cl)c2)cc1,6
CCCCN(CCCC)c1nccc(-c2ccc(C(=O)NS(=O)(=O)c3ccc4ccccc4c3)cc2C(=O)N2CCc3ccccc3C2)n1,700
CCCCN(CCCC)c1nccc(-c2ccc(C(=O)NS(=O)(=O)c3ccc4cccc(Cl)c4c3)cc2C(=O)N2CCc3ccccc3C2)n1,120
CCCCN(CCCC)c1nccc(-c2ccc(C(=O)NS(=O)(=O)c3ccc4ccc(I)cc4c3)cc2C(=O)N2CCc3ccccc3C2)n1,140
CCCCN(CCCC)c1nccc(-c2ccc(C(=O)NS(=O)(=O)c3ccc4c(c3)CCN4Cc3ccc(Cl)c(Cl)c3)cc2C(=O)N2CCc3ccccc3C2)n1,120
CCCCN(CCCC)c1nccc(-c2ccc(C(=O)NS(=O)(=O)c3ccc4ccccc4c3)cc2C(=O)N2Cc3ccccc3C[C@H]2CN)n1,430
CCCCN(CCCC)c1nccc(-c2ccc(C(=O)NS(=O)(=O)c3ccc4cccc(Cl)c4c3)cc2C(=O)N2Cc3ccccc3C[C@H]2CO)n1,160
CCCCN(CCCC)c1ncc(Cl)c(-c2ccc(C(=O)NS(=O)(=O)c3ccc4ccccc4c3)cc2C(=O)N2CCc3ccccc3C2)n1,160
CCCCN(CCCC)c1ncc(C)c(-c2ccc(C(=O)NS(=O)(=O)c3ccc4ccccc4c3)cc2C(=O)N2CCc3ccccc3C2)n1,110
CCCN(CCC)c1nccc(-c2ccc(C(=O)NS(=O)(=O)c3ccc4ccccc4c3)cc2C(=O)N2CCc3ccccc3C2)n1,150
CCCN(CCC)c1ncc(Cl)c(-c2ccc(C(=O)NS(=O)(=O)c3ccc4cccc(Cl)c4c3)cc2C(=O)N2Cc3ccccc3C[C@H]2CN)n1,15
CCCN(CCC)c1ncc(Cl)c(-c2ccc(C(=O)NS(=O)(=O)c3ccc4cccc(Cl)c4c3)cc2C(=O)N2Cc3ccccc3C[C@H]2CO)n1,9
O=C(c1ccc(CN(Cc2ccc(F)cc2)S(=O)(=O)c2cc(Cl)cc(Cl)c2O)cc1)N(Cc1ccc(F)cc1)Cc1cc(Cl)cc(Cl)c1,35
CCCCN(CCCC)C(=O)c1nn(-c2ccc(NS(=O)(=O)c3cc(Cl)cc(Cl)c3O)cc2C(=O)N2CCc3ccccc3C2)c(C)c1Cl,910
CCCCN(CCCC)C(=O)c1nn(-c2ccc(C(=O)NS(=O)(=O)c3ccc4ccccc4c3)cc2C(=O)N2CCc3ccccc3C2)c(C)c1Cl,32
CCCCN(CCCC)C(=O)c1nn(-c2ccc(C(=O)NS(=O)(=O)c3ccc4cccc(S(=O)(=O)CC)c4c3)cc2C(=O)N2CCc3ccccc3C2)c(C)c1Cl,180
CCCCN(CCCC)C(=O)c1nn(-c2ccc(C(=O)NS(=O)(=O)c3ccc4cccc(OCCN5CCOCC5)c4c3)cc2C(=O)N2CCc3ccccc3C2)c(C)c1Cl,110
CCCCN(CCCC)C(=O)c1nn(-c2ccc(C(=O)NS(=O)(=O)c3ccc4ccc(OCCN5CCOCC5)cc4c3)cc2C(=O)N2CCc3ccccc3C2)c(C)c1Cl,400
CCCCN(CCCC)C(=O)c1nn(-c2ccc(C(=O)NS(=O)(=O)c3ccc4cccc(OCc5ccc(C(=O)O)cc5)c4c3)cc2C(=O)N2CCc3ccccc3C2)c(C)c1Cl,15
CCCCN(CCCC)C(=O)c1nn(-c2ccc(C(=O)NS(=O)(=O)c3ccc4cccc(I)c4c3)cc2C(=O)N2CCc3ccccc3C2)c(C)c1Cl,35
CCCCN(CCCC)C(=O)c1nn(-c2ccc(C(=O)NS(=O)(=O)c3ccc4ccc(I)cc4c3)cc2C(=O)N2CCc3ccccc3C2)c(C)c1Cl,37
CCCCN(CCCC)C(=O)c1nn(-c2ccc(C(=O)NS(=O)(=O)c3ccc4c(c3)CCN4)cc2C(=O)N2CCc3ccccc3C2)c(C)c1Cl,32
CCCCN(CCCC)C(=O)c1nn(-c2ccc(C(=O)NS(=O)(=O)c3ccc4c(c3)CCN4C(=O)c3ccc(Cl)c(Cl)c3)cc2C(=O)N2CCc3ccccc3C2)c(C)c1Cl,280
CCCCN(CCCC)C(=O)c1nn(-c2ccc(C(=O)NS(=O)(=O)c3ccc4c(c3)CCN4CC)cc2C(=O)N2CCc3ccccc3C2)c(C)c1Cl,78
CCCCN(CCCC)C(=O)c1nn(-c2ccc(C(=O)NS(=O)(=O)c3ccc4c(c3)CCN4Cc3ccc(Cl)c(Cl)c3)cc2C(=O)N2CCc3ccccc3C2)c(C)c1Cl,16
CCCCN(CCCC)C(=O)c1nn(-c2ccc(C(=O)NS(=O)(=O)c3ccc4ccccc4c3)cc2C(=O)N2CCc3ccccc3C2C)c(C)c1Cl,710
CCCCN(CCCC)C(=O)c1nn(-c2ccc(C(=O)NS(=O)(=O)c3ccc4ccccc4c3)cc2C(=O)N2Cc3ccccc3C[C@H]2CO)c(C)c1Cl,35
CCCCN(CCCC)C(=O)c1nn(-c2ccc(C(=O)NS(=O)(=O)c3ccc4ccccc4c3)cc2C(=O)N2Cc3ccccc3C[C@H]2COCCCOC)c(C)c1Cl,22
CCCCN(CCCC)C(=O)c1nn(-c2ccc(C(=O)NS(=O)(=O)c3ccc4ccccc4c3)cc2C(=O)N2Cc3ccccc3C[C@H]2COCCN(C)C)c(C)c1Cl,37
CCCCN(CCCC)C(=O)c1nn(-c2ccc(C(=O)NS(=O)(=O)c3ccc4ccccc4c3)cc2C(=O)N2Cc3ccccc3C[C@H]2CN)c(C)c1Cl,9
CCCCN(CCCC)C(=O)c1nn(-c2ccc(C(=O)NS(=O)(=O)c3ccc4ccccc4c3)cc2C(=O)N2Cc3ccccc3C[C@H]2CN2CCN(C)CC2)c(C)c1Cl,140
CCCCN(CCCC)C(=O)c1nn(-c2ccc(C(=O)NS(=O)(=O)c3ccc4ccccc4c3)cc2C(=O)N2Cc3ccccc3C[C@H]2CN2CCOCC2)c(C)c1Cl,14
CCCCN(CCCC)C(=O)c1nn(-c2ccc(C(=O)NS(=O)(=O)c3ccc4ccccc4c3)cc2C(=O)N2Cc3ccccc3C[C@H]2CN2CCCC2)c(C)c1Cl,47
CCCCN(CCCC)C(=O)c1nn(-c2ccc(C(=O)NS(=O)(=O)c3ccc4ccccc4c3)cc2C(=O)N2COc3ccccc3C2)c(C)c1Cl,120
CCCCN(CCCC)C(=O)c1nn(-c2ccc(C(=O)NS(=O)(=O)c3ccc4ccccc4c3)cc2C(=O)N2CNc3ccccc3C2)c(C)c1Cl,26
CN1CCN(CCCNC(=O)c2c(-c3ccccc3)c(-c3ccc(Cl)cc3)cn2CC[C@H](O)CO)CC1,213000
CN(C)CC[C@H](CSc1ccccc1)Nc1ccc(S(N)(=O)=O)cc1[N+](=O)[O-],100000
CN(C)CC[C@H](CSc1ccccc1)Nc1ccc(S(=O)(=O)NC(=O)c2ccc(N3CCN(c4cccc(-c5c(-c6ccc(Cl)cc6)cn(CC[C@H](O)CO)c5C(=O)NCCCN5CCN(C)CC5)c4)CC3)cc2)cc1[N+](=O)[O-],8.7
CN(C)CC[C@H](CSc1ccccc1)Nc1ccc(S(=O)(=O)Nc2ccc(N3CCN(c4cccc(-c5c(-c6ccc(Cl)cc6)cn(CC[C@H](O)CO)c5C(=O)NCCCN5CCN(C)CC5)c4)CC3)cc2)cc1[N+](=O)[O-],1.3
CN(C)CC[C@H](CSc1ccccc1)Nc1ccc(S(=O)(=O)Nc2ccc(-c3cn(-c4cccc(-c5c(-c6ccc(Cl)cc6)cn(CC[C@H](O)CO)c5C(=O)NCCCN5CCN(C)CC5)c4)nn3)cc2)cc1[N+](=O)[O-],1.4
CN(C)CC[C@H](CSc1ccccc1)Nc1ccc(S(=O)(=O)NC(=O)c2ccc(C#Cc3cccc(-c4c(-c5ccc(Cl)cc5)cn(CC[C@H](O)CO)c4C(=O)NCCCN4CCN(C)CC4)c3)cc2)cc1[N+](=O)[O-],1.9
CN(C)CC[C@H](CSc1ccccc1)Nc1ccc(S(=O)(=O)Nc2ccc(C#Cc3cccc(-c4c(-c5ccc(Cl)cc5)cn(CC[C@H](O)CO)c4C(=O)NCCCN4CCN(C)CC4)c3)cc2)cc1[N+](=O)[O-],6.6
CN(C)CC[C@H](CSc1ccccc1)Nc1ccc(S(=O)(=O)Nc2ccc(NCCNc3cccc(-c4c(-c5ccc(Cl)cc5)cn(CC[C@H](O)CO)c4C(=O)NCCCN4CCN(C)CC4)c3)cc2)cc1[N+](=O)[O-],60.6
CN(C)CC[C@H](CSc1ccccc1)Nc1ccc(S(=O)(=O)Nc2ccc(N3CCN(c4ccc(-c5c(-c6ccc(Cl)cc6)cn(CC[C@H](O)CO)c5C(=O)NCCCN5CCN(C)CC5)cc4)CC3)cc2)cc1[N+](=O)[O-],33.9
CN(C)CC[C@H](CSc1ccccc1)Nc1ccc(S(=O)(=O)Nc2ccc(N3CCN(Cc4ccccc4-c4ccc(Cl)cc4)CC3)cc2)cc1[N+](=O)[O-],85.3
CN(C)CC[C@H](CSc1ccccc1)Nc1ccc(S(=O)(=O)Nc2ccccc2)cc1[N+](=O)[O-],100000
CN(C)CC[C@H](CSc1ccccc1)Nc1ccc(S(=O)(=O)Nc2ccc(N3CCNCC3)cc2)cc1[N+](=O)[O-],534000
CN(C)CC[C@H](CSc1ccccc1)Nc1ccc(S(=O)(=O)Nc2ccc(N3CCN(c4cccc(-c5c(-c6ccc(Cl)cc6)cn(C)c5C(=O)NCCCN5CCN(C)CC5)c4)CC3)cc2)cc1[N+](=O)[O-],0.6
CNC(=O)c1c(-c2cccc(N3CCN(c4ccc(NS(=O)(=O)c5ccc(N[C@H](CCN(C)C)CSc6ccccc6)c([N+](=O)[O-])c5)cc4)CC3)c2)c(-c2ccc(Cl)cc2)cn1C,5.3
CN(C)CC[C@H](CSc1ccccc1)Nc1ccc(S(=O)(=O)Nc2ccc(N3CCN(c4cccc(-c5cn(C)cc5-c5ccc(Cl)cc5)c4)CC3)cc2)cc1[N+](=O)[O-],82.6
CCOC(=O)c1c(-c2cccc(N3CCN(c4ccc(NS(=O)(=O)c5ccc(N[C@H](CCN(C)C)CSc6ccccc6)c([N+](=O)[O-])c5)cc4)CC3)c2)c(-c2ccc(Cl)cc2)cn1C,45.8
CN(C)CC[C@H](CSc1ccccc1)Nc1ccc(S(=O)(=O)Nc2ccc(N3CCN(c4cccc(-c5c(-c6ccc(Cl)cc6)cn(C)c5C(=O)O)c4)CC3)cc2)cc1[N+](=O)[O-],1.7
CCc1c(-c2ccc(Cl)cc2)c(-c2cccc(N3CCN(c4ccc(NS(=O)(=O)c5ccc(N[C@H](CCN(C)C)CSc6ccccc6)c([N+](=O)[O-])c5)cc4)CC3)c2)c(C(=O)O)n1C,4.1
CCCCn1c(C)c(C(=O)O)c(-c2cccc(N3CCN(c4ccc(NS(=O)(=O)c5ccc(N[C@H](CCN6CCC(O)CC6)CSc6ccccc6)c(S(=O)(=O)C(F)(F)F)c5)cc4)CC3)c2)c1-c1ccc(Cl)cc1,78.2
CCCn1c(C)c(C(=O)O)c(-c2cccc(N3CCN(c4ccc(NS(=O)(=O)c5ccc(N[C@H](CCN6CCC(O)CC6)CSc6ccccc6)c(S(=O)(=O)C(F)(F)F)c5)cc4)CC3)c2)c1-c1ccc(Cl)cc1,30.1
Cc1c(C(=O)O)c(-c2cccc(N3CCN(c4ccc(NS(=O)(=O)c5ccc(N[C@H](CCN6CCC(O)CC6)CSc6ccccc6)c(S(=O)(=O)C(F)(F)F)c5)cc4)CC3)c2)c(-c2ccc(Cl)cc2)n1C(C)C,4
CCn1c(C)c(C(=O)O)c(-c2cccc(N3CCN(c4ccc(NS(=O)(=O)c5ccc(N[C@H](CCN6CCC(O)CC6)CSc6ccccc6)c(S(=O)(=O)C(F)(F)F)c5)cc4)CC3)c2)c1-c1ccc(Cl)cc1,5.4
Cc1c(C(=O)O)c(-c2cccc(N3CCN(c4ccc(NS(=O)(=O)c5ccc(N[C@H](CCN6CCC(C)(O)CC6)CSc6ccccc6)c(S(=O)(=O)C(F)(F)F)c5)cc4)CC3)c2)c(-c2ccc(Cl)cc2)n1C,18.6
Cc1c(C(=O)O)c(-c2cccc(N3CCN(c4ccc(NS(=O)(=O)c5ccc(N[C@H](CCN6CCC(O)CC6)CSc6ccccc6)c(S(=O)(=O)C(F)(F)F)c5)cc4)CC3)c2)c(-c2ccc(Cl)cc2)n1C,10.2
Cc1c(C(=O)O)c(-c2cccc(N3CCN(c4ccc(NS(=O)(=O)c5ccc(N[C@H](CCN6CC(O)C6)CSc6ccccc6)c(S(=O)(=O)C(F)(F)F)c5)cc4)CC3)c2)c(-c2ccc(Cl)cc2)n1C,7.7
Cc1c(C(=O)O)c(-c2cccc(N3CCN(c4ccc(NS(=O)(=O)c5ccc(N[C@H](CCN6CCCCC6)CSc6ccccc6)c(S(=O)(=O)C(F)(F)F)c5)cc4)CC3)c2)c(-c2ccc(Cl)cc2)n1C,15.6
Cc1c(C(=O)O)c(-c2cccc(N3CCN(c4ccc(NS(=O)(=O)c5ccc(N[C@H](CCN6CCCC6)CSc6ccccc6)c(S(=O)(=O)C(F)(F)F)c5)cc4)CC3)c2)c(-c2ccc(Cl)cc2)n1C,8.3
Cc1c(C(=O)O)c(-c2cccc(N3CCN(c4ccc(NS(=O)(=O)c5ccc(N[C@H](CCN6CCC6)CSc6ccccc6)c(S(=O)(=O)C(F)(F)F)c5)cc4)CC3)c2)c(-c2ccc(Cl)cc2)n1C,7.5
Cc1c(C(=O)O)c(-c2cccc(N3CCN(c4ccc(NS(=O)(=O)c5ccc(N[C@H](CCN6CCOCC6)CSc6ccccc6)c(S(=O)(=O)C(F)(F)F)c5)cc4)CC3)c2)c(-c2ccc(Cl)cc2)n1C,55.2
Cc1c(C(=O)O)c(-c2cccc(N3CCN(c4ccc(NS(=O)(=O)c5ccc(N[C@H](CCN(C)C)CSc6ccccc6)c(S(=O)(=O)C(F)(F)F)c5)cc4)CC3)c2)c(-c2ccc(Cl)cc2)n1C,9.2
Cc1c(C(=O)NCCCN2CCN(C)CC2)c(-c2cccc(N3CCN(c4ccc(NS(=O)(=O)c5cccc(S(=O)(=O)C6CC6)c5)cc4)CC3)c2)c(-c2ccc(Cl)cc2)n1C,844
CCS(=O)(=O)c1cccc(S(=O)(=O)Nc2ccc(N3CCN(c4cccc(-c5c(C(=O)NCCCN6CCN(C)CC6)c(C)n(C)c5-c5ccc(Cl)cc5)c4)CC3)cc2)c1,828
Cc1c(C(=O)NCCCN2CCN(C)CC2)c(-c2cccc(N3CCN(c4ccc(NS(=O)(=O)c5cccc(S(C)(=O)=O)c5)cc4)CC3)c2)c(-c2ccc(Cl)cc2)n1C,2543
Cc1c(C(=O)NCCCN2CCN(C)CC2)c(-c2cccc(N3CCN(c4ccc(NS(=O)(=O)c5cccc(S(=O)(=O)C(F)(F)F)c5)cc4)CC3)c2)c(-c2ccc(Cl)cc2)n1C,153
Cc1c(C(=O)NCCCN2CCN(C)CC2)c(-c2cccc(N3CCN(c4ccc(NS(=O)(=O)c5cccc(OC(C)C)c5)cc4)CC3)c2)c(-c2ccc(Cl)cc2)n1C,2021
CCOc1cccc(S(=O)(=O)Nc2ccc(N3CCN(c4cccc(-c5c(C(=O)NCCCN6CCN(C)CC6)c(C)n(C)c5-c5ccc(Cl)cc5)c4)CC3)cc2)c1,1624
COc1cccc(S(=O)(=O)Nc2ccc(N3CCN(c4cccc(-c5c(C(=O)NCCCN6CCN(C)CC6)c(C)n(C)c5-c5ccc(Cl)cc5)c4)CC3)cc2)c1,802
Cc1c(C(=O)NCCCN2CCN(C)CC2)c(-c2cccc(N3CCN(c4ccc(NS(=O)(=O)c5cccc(OC(F)(F)F)c5)cc4)CC3)c2)c(-c2ccc(Cl)cc2)n1C,763
Cc1c(C(=O)NCCCN2CCN(C)CC2)c(-c2cccc(N3CCN(c4ccc(NS(=O)(=O)c5cccc(C(C)(C)C)c5)cc4)CC3)c2)c(-c2ccc(Cl)cc2)n1C,1908
CCc1cccc(S(=O)(=O)Nc2ccc(N3CCN(c4cccc(-c5c(C(=O)NCCCN6CCN(C)CC6)c(C)n(C)c5-c5ccc(Cl)cc5)c4)CC3)cc2)c1,621
Cc1cccc(S(=O)(=O)Nc2ccc(N3CCN(c4cccc(-c5c(C(=O)NCCCN6CCN(C)CC6)c(C)n(C)c5-c5ccc(Cl)cc5)c4)CC3)cc2)c1,689
Cc1c(C(=O)NCCCN2CCN(C)CC2)c(-c2cccc(N3CCN(c4ccc(NS(=O)(=O)c5cccc(C(F)(F)F)c5)cc4)CC3)c2)c(-c2ccc(Cl)cc2)n1C,582
Cc1c(C(=O)NCCCN2CCN(C)CC2)c(-c2cccc(N3CCN(c4ccc(NS(=O)(=O)c5cccc(Br)c5)cc4)CC3)c2)c(-c2ccc(Cl)cc2)n1C,255
Cc1c(C(=O)NCCCN2CCN(C)CC2)c(-c2cccc(N3CCN(c4ccc(NS(=O)(=O)c5cccc(Cl)c5)cc4)CC3)c2)c(-c2ccc(Cl)cc2)n1C,660
Cc1c(C(=O)NCCCN2CCN(C)CC2)c(-c2cccc(N3CCN(c4ccc(NS(=O)(=O)c5cccc(F)c5)cc4)CC3)c2)c(-c2ccc(Cl)cc2)n1C,977
Cc1c(C(=O)NCCCN2CCN(C)CC2)c(-c2cccc(N3CCN(c4ccc(NS(=O)(=O)c5ccccc5)cc4)CC3)c2)c(-c2ccc(Cl)cc2)n1C,2200
Cc1c(C(=O)NCCCN2CCN(C)CC2)c(-c2cccc(N3CCN(c4ccc(NS(=O)(=O)c5cccc([N+](=O)[O-])c5)cc4)CC3)c2)c(-c2ccc(Cl)cc2)n1C,117
Oc1cccc2c1CCCC2,4300000
O=C(O)c1ccc(-c2ccc(F)cc2)cc1,300000
CCCOC(=O)C1=C2C(=NC1=O)c1cccc3c(N4CCSCC4)ccc2c13,2100
CCOC(=O)C1=C2C(=NC1=O)c1cccc3c(N4CCSCC4)ccc2c13,2200
O=C1N=C2C(=C1NCCCCCc1ccccc1)c1ccc(N3CCSCC3)c3cccc2c13,1300
O=C1N=C2C(=C1NCc1ccccc1)c1ccc(N3CCSCC3)c3cccc2c13,10000
CC(C)NC1=C2C(=NC1=O)c1cccc3c(N4CCSCC4)ccc2c13,10000
CC(C)c1ccc(Oc2ccc3c4c(cccc24)C2=NC(=O)C(NCCCc4ccccc4)=C23)cc1,42
CCCCCCNC1=C2C(=NC1=O)c1cccc3c(Oc4ccc(C(C)C)cc4)ccc2c13,184
CCCCNC1=C2C(=NC1=O)c1cccc3c(Oc4ccc(C(C)C)cc4)ccc2c13,322
CC(C)c1ccc(Oc2ccc3c4c(cccc24)C2=NC(=O)C(C#N)=C23)cc1,739
O=C1N=C2C(=C1NCCCc1ccccc1)c1ccc(Sc3ccc(OO)cc3)c3cccc2c13,57
CCCCCCNC1=C2C(=NC1=O)c1cccc3c(Sc4ccc(OC)cc4)ccc2c13,206
CCCCNC1=C2C(=NC1=O)c1cccc3c(Sc4ccc(OC)cc4)ccc2c13,356
COc1ccc(Sc2ccc3c4c(cccc24)C2=NC(=O)C(C#N)=C23)cc1,945
Nc1ccc(Sc2ccc3c4c(cccc24)C2=NC(=O)C(NCCCc4ccccc4)=C23)cc1,20
CCCCCCNC1=C2C(=NC1=O)c1cccc3c(Sc4ccc(N)cc4)ccc2c13,80
CCCCNC1=C2C(=NC1=O)c1cccc3c(Sc4ccc(N)cc4)ccc2c13,190
O=C1N=C2C(=C1NCCCc1ccccc1)c1ccc(N3CCSCC3)c3cccc2c13,49
CCCCCCNC1=C2C(=NC1=O)c1cccc3c(N4CCSCC4)ccc2c13,96
CCCCNC1=C2C(=NC1=O)c1cccc3c(N4CCSCC4)ccc2c13,198
CN(C)CC[C@H](CSc1ccccc1)Nc1ccc(S(=O)(=O)Nc2nc(C(F)(F)F)nc3c2CCN(C2CCN(Cc4ccccc4-c4ccc(Cl)cc4)CC2)C3)cc1S(=O)(=O)C(F)(F)F,46
CN(C)CC[C@H](CSc1ccccc1)Nc1ccc(S(=O)(=O)Nc2nc(Cl)nc3c2CCN(C2CCN(Cc4ccccc4-c4ccc(Cl)cc4)CC2)C3)cc1S(=O)(=O)C(F)(F)F,32
CN(C)CC[C@H](CSc1ccccc1)Nc1ccc(S(=O)(=O)Nc2ncnc3c2CCN(C2CCN(Cc4cc(F)ccc4-c4ccc(Cl)cc4)CC2)C3=O)cc1S(=O)(=O)C(F)(F)F,142
CC(c1ccccc1-c1ccc(Cl)cc1)N1CCC(N2CCc3c(ncnc3NS(=O)(=O)c3ccc(N[C@H](CCN(C)C)CSc4ccccc4)c(S(=O)(=O)C(F)(F)F)c3)C2)CC1,35
CN(C)CC[C@H](CSc1ccccc1)Nc1ccc(S(=O)(=O)Nc2ncnc3c2CCN(C2CCN(Cc4cc(F)ccc4-c4ccc(Cl)cc4)CC2)C3)cc1S(=O)(=O)C(F)(F)F,33
CN(C)CC[C@H](CSc1ccccc1)Nc1ccc(S(=O)(=O)Nc2ncnc3c2CCN(C2CCN(Cc4ccccc4-c4ccc(Cl)cc4)CC2)C3)cc1S(=O)(=O)C(F)(F)F,19
CN(C)CC[C@H](CSc1ccccc1)Nc1ccc(S(=O)(=O)Nc2nnc3n2CCN(C2CCN(Cc4ccccc4-c4ccc(Cl)cc4)CC2)CC3)cc1S(=O)(=O)C(F)(F)F,25
O=S(=O)(Nc1ncnc2c1CN(C1CCN(Cc3ccccc3-c3ccc(Cl)cc3)CC1)C2)c1ccc(N[C@H](CCN2CCOCC2)CSc2ccccc2)c(S(=O)(=O)C(F)(F)F)c1,740
O=S(=O)(Nc1nnc2n1CCN(C1CCN(Cc3ccccc3-c3ccc(Cl)cc3)CC1)C2)c1ccc(N[C@H](CCN2CCOCC2)CSc2ccccc2)c(S(=O)(=O)C(F)(F)F)c1,5
CN(C)CC[C@H](CSc1ccccc1)Nc1ccc(S(=O)(=O)NC2=NS(=O)(=O)c3cc(N4CCN(Cc5ccccc5-c5ccc(Cl)cc5)CC4)ccc32)cc1[N+](=O)[O-],17
CN(C)CC[C@H](CSc1ccccc1)Nc1ccc(S(=O)(=O)Nc2nnc3cc(N4CCN(Cc5ccccc5-c5ccc(Cl)cc5)CC4)cnn23)cc1[N+](=O)[O-],25
CN(C)CC[C@H](CSc1ccccc1)Nc1ccc(S(=O)(=O)Nc2nn(C)c3nc(N4CCN(Cc5ccccc5-c5ccc(Cl)cc5)CC4)ncc23)cc1[N+](=O)[O-],8500
CN(C)CC[C@H](CSc1ccccc1)Nc1ccc(S(=O)(=O)Nc2cccc3cc(N4CCN(Cc5ccccc5-c5ccc(Cl)cc5)CC4)cnc23)cc1[N+](=O)[O-],68
O=[N+]([O-])c1cc(S(=O)(=O)Nc2cccc3cc(N4CCN(Cc5ccccc5-c5ccc(Cl)cc5)CC4)ccc23)ccc1N[C@H](CCN1CCOCC1)CSc1ccccc1,4000
Cc1c(C(=O)NS(C)(=O)=O)c(-c2cccc(N3CCN(c4ccc(NS(=O)(=O)c5ccc(N[C@H](CCN(C)C)CSc6ccccc6)c([N+](=O)[O-])c5)cc4)CC3)c2)c(-c2ccc(Cl)cc2)n1C(C)C,1.8
CCn1c(C)c(C(=O)NS(C)(=O)=O)c(-c2cccc(N3CCN(c4ccc(NS(=O)(=O)c5ccc(N[C@H](CCN(C)C)CSc6ccccc6)c([N+](=O)[O-])c5)cc4)CC3)c2)c1-c1ccc(Cl)cc1,1.8
CCCCn1c(C)c(C(=O)O)c(-c2cccc(N3CCN(c4ccc(NS(=O)(=O)c5ccc(N[C@H](CCN(C)C)CSc6ccccc6)c([N+](=O)[O-])c5)cc4)CC3)c2)c1-c1ccc(Cl)cc1,23
CCCn1c(C)c(C(=O)O)c(-c2cccc(N3CCN(c4ccc(NS(=O)(=O)c5ccc(N[C@H](CCN(C)C)CSc6ccccc6)c([N+](=O)[O-])c5)cc4)CC3)c2)c1-c1ccc(Cl)cc1,10
Cc1c(C(=O)O)c(-c2cccc(N3CCN(c4ccc(NS(=O)(=O)c5ccc(N[C@H](CCN(C)C)CSc6ccccc6)c([N+](=O)[O-])c5)cc4)CC3)c2)c(-c2ccc(Cl)cc2)n1C(C)C,1.4
Cc1oc(-c2ccc(Cl)cc2)c(-c2cccc(N3CCN(c4ccc(NS(=O)(=O)c5ccc(N[C@H](CCN(C)C)CSc6ccccc6)c([N+](=O)[O-])c5)cc4)CC3)c2)c1C(=O)O,3.8
CN(C)CC[C@H](CSc1ccccc1)Nc1ccc(S(=O)(=O)Nc2ccc(N3CCN(c4cccc(-c5c(-c6ccc(Cl)cc6)nn(C)c5C(=O)O)c4)CC3)cc2)cc1[N+](=O)[O-],3.7
CN(C)CC[C@H](CSc1ccccc1)Nc1ccc(S(=O)(=O)Nc2ccc(N3CCN(c4cccc(-c5c(C(=O)O)nn(C)c5-c5ccc(Cl)cc5)c4)CC3)cc2)cc1[N+](=O)[O-],7.1
CN(C)CC[C@H](CSc1ccccc1)Nc1ccc(S(=O)(=O)Nc2ccc(N3CCN(c4cccc(-c5c(C(=O)NS(C)(=O)=O)cnn5-c5ccc(Cl)cc5)c4)CC3)cc2)cc1[N+](=O)[O-],5.4
CN(C)CC[C@H](CSc1ccccc1)Nc1ccc(S(=O)(=O)Nc2ccc(N3CCN(c4cccc(-c5c(C(=O)NS(C)(=O)=O)ncn5-c5ccc(Cl)cc5)c4)CC3)cc2)cc1[N+](=O)[O-],3.8
CN(C)CC[C@H](CSc1ccccc1)Nc1ccc(S(=O)(=O)Nc2ccc(N3CCN(c4cccc(-c5cnoc5-c5ccc(Cl)cc5)c4)CC3)cc2)cc1[N+](=O)[O-],350
CN(C)CC[C@H](CSc1ccccc1)Nc1ccc(S(=O)(=O)Nc2ccc(N3CCN(c4cccc(-c5cn(C)nc5-c5ccc(Cl)cc5)c4)CC3)cc2)cc1[N+](=O)[O-],140
CN(C)CC[C@H](CSc1ccccc1)Nc1ccc(S(=O)(=O)Nc2ccc(N3CCN(c4cccc(-c5cnn(C)c5-c5ccc(Cl)cc5)c4)CC3)cc2)cc1[N+](=O)[O-],210
CN(C)CC[C@H](CSc1ccccc1)Nc1ccc(S(=O)(=O)Nc2ccc(N3CCN(c4cccc(-c5ccnn5-c5ccc(Cl)cc5)c4)CC3)cc2)cc1[N+](=O)[O-],110
CN(C)CC[C@H](CSc1ccccc1)Nc1ccc(S(=O)(=O)Nc2ccc(N3CCN(c4cccc(-c5cncn5-c5ccc(Cl)cc5)c4)CC3)cc2)cc1[N+](=O)[O-],46
CN(C)CC[C@H](CSc1ccccc1)Nc1ccc(S(=O)(=O)Nc2ccc(N3CCN(c4cccc(-c5c(C(=O)O)c(Cl)n(C)c5-c5ccc(Cl)cc5)c4)CC3)cc2)cc1[N+](=O)[O-],1.5
CN(C)CC[C@H](CSc1ccccc1)Nc1ccc(S(=O)(=O)Nc2ccc(N3CCN(c4cccc(-c5c(C(=O)O)c(C(F)(F)F)n(C)c5-c5ccc(Cl)cc5)c4)CC3)cc2)cc1[N+](=O)[O-],1.1
Cc1c(C#N)c(-c2cccc(N3CCN(c4ccc(NS(=O)(=O)c5ccc(N[C@H](CCN(C)C)CSc6ccccc6)c([N+](=O)[O-])c5)cc4)CC3)c2)c(-c2ccc(Cl)cc2)n1C,17
Cc1c(C(F)(F)F)c(-c2cccc(N3CCN(c4ccc(NS(=O)(=O)c5ccc(N[C@H](CCN(C)C)CSc6ccccc6)c([N+](=O)[O-])c5)cc4)CC3)c2)c(-c2ccc(Cl)cc2)n1C,271
Cc1c(Cl)c(-c2cccc(N3CCN(c4ccc(NS(=O)(=O)c5ccc(N[C@H](CCN(C)C)CSc6ccccc6)c([N+](=O)[O-])c5)cc4)CC3)c2)c(-c2ccc(Cl)cc2)n1C,260
Cc1c(C(=O)NS(C)(=O)=O)c(-c2cccc(N3CCN(c4ccc(NS(=O)(=O)c5ccc(N[C@H](CCN(C)C)CSc6ccccc6)c([N+](=O)[O-])c5)cc4)CC3)c2)c(-c2ccc(Cl)cc2)n1C,0.9
Cc1c(C(=O)N2CC(C)(O)C2)c(-c2cccc(N3CCN(c4ccc(NS(=O)(=O)c5ccc(N[C@H](CCN(C)C)CSc6ccccc6)c([N+](=O)[O-])c5)cc4)CC3)c2)c(-c2ccc(Cl)cc2)n1C,5.6
Cc1c(C(=O)N[C@H]2C[C@@](C)(O)C2)c(-c2cccc(N3CCN(c4ccc(NS(=O)(=O)c5ccc(N[C@H](CCN(C)C)CSc6ccccc6)c([N+](=O)[O-])c5)cc4)CC3)c2)c(-c2ccc(Cl)cc2)n1C,7.5
Cc1c(C(N)=O)c(-c2cccc(N3CCN(c4ccc(NS(=O)(=O)c5ccc(N[C@H](CCN(C)C)CSc6ccccc6)c([N+](=O)[O-])c5)cc4)CC3)c2)c(-c2ccc(Cl)cc2)n1C,19
CNC(=O)c1c(-c2cccc(N3CCN(c4ccc(NS(=O)(=O)c5ccc(N[C@H](CCN(C)C)CSc6ccccc6)c([N+](=O)[O-])c5)cc4)CC3)c2)c(-c2ccc(Cl)cc2)n(C)c1C,5
Cc1cc(-c2cccc(N3CCN(c4ccc(NS(=O)(=O)c5ccc(N[C@H](CCN(C)C)CSc6ccccc6)c([N+](=O)[O-])c5)cc4)CC3)c2)c(-c2ccc(Cl)cc2)n1C,99
CCn1c(C)c(C(=O)O)c(-c2cccc(N3CCN(c4ccc(NS(=O)(=O)c5ccc(N[C@H](CCN(C)C)CSc6ccccc6)c([N+](=O)[O-])c5)cc4)CC3)c2)c1-c1ccc(Cl)cc1,2
Cc1c(C(=O)O)c(-c2cccc(N3CCN(c4ccc(NS(=O)(=O)c5ccc(N[C@H](CCN(C)C)CSc6ccccc6)c([N+](=O)[O-])c5)cc4)CC3)c2)c(-c2ccc(Cl)cc2)n1C,1.3
Nn1c(SCc2cccc([N+](=O)[O-])c2)nnc1-c1c[nH]c2ccccc12,1430
C/C(=N\Nc1nc2ccccc2s1)c1ccc(-c2cccc(C(=O)O)n2)s1,10000
O=C(O)c1ccnc(-c2ccc3c(c2)/C(=N\Nc2nc4ccccc4s2)CCC3)n1,10000
CCN1CC/C(=N/Nc2nc3ccccc3s2)c2cc(-c3cccc(C(=O)O)n3)ccc21,10000
O=C(O)c1cccc(-c2ccc3c(c2)/C(=N\Nc2nc4ccccc4s2)CCC3)n1,10000
C/C(=N\Nc1nc2ccccc2s1)c1cccc(-c2cccc(C(=O)O)n2)c1,10000
C/C(=N\Nc1nc2ccccc2s1)c1ccc(-c2cccc(C(=O)O)c2)o1,10000
O=C(O)c1cc(-c2ccc3c(c2)/C(=N\Nc2nc4ccccc4s2)CCC3)ccn1,5000
O=C(O)c1csc(-c2ccc3c(c2)/C(=N\Nc2nc4ccccc4s2)CCC3)n1,5000
O=C(O)c1cccc(-c2ccc3c(c2)/C(=N/Nc2nc4ccccc4s2)CCC3)n1,10000
O=C(O)c1csc(-c2ccc3c(c2)/C(=N/Nc2nc4ccccc4s2)CCC3)n1,5000
O=C(NS(=O)(=O)c1ccc(N[C@H](CCN2CCOCC2)CSc2ccccc2)c(S(=O)(=O)C(F)(F)F)c1)c1ccc(N2CCN(Cc3ccccc3-c3ccc(Cl)cc3)CC2)cc1,11
N=C(NS(=O)(=O)c1ccc(N[C@H](CCN2CCOCC2)CSc2ccccc2)c(S(=O)(=O)C(F)(F)F)c1)c1ccc(N2CCN(Cc3ccccc3-c3ccc(Cl)cc3)CC2)cc1,19
O=S(=O)(NC(=C1COC1)c1ccc(N2CCN(Cc3ccccc3-c3ccc(Cl)cc3)CC2)cc1)c1ccc(N[C@H](CCN2CCOCC2)CSc2ccccc2)c(S(=O)(=O)C(F)(F)F)c1,1000
O=C(NS(=O)(=O)c1ccc(N[C@H](CCN2CCOCC2)CSc2ccccc2)c(S(=O)(=O)C(F)(F)F)c1)c1ccc(N2CCN(Cc3ccccc3-c3ccc(Cl)cc3)CC2)nn1,270
O=C(NS(=O)(=O)c1ccc(N[C@H](CCN2CCOCC2)CSc2ccccc2)c(S(=O)(=O)C(F)(F)F)c1)c1cnc(N2CCN(Cc3ccccc3-c3ccc(Cl)cc3)CC2)nc1,18
O=C(NS(=O)(=O)c1ccc(N[C@H](CCN2CCOCC2)CSc2ccccc2)c(S(=O)(=O)C(F)(F)F)c1)c1csc(N2CCN(Cc3ccccc3-c3ccc(Cl)cc3)CC2)n1,119
O=C(NS(=O)(=O)c1ccc(N[C@H](CCN2CCOCC2)CSc2ccccc2)c(S(=O)(=O)C(F)(F)F)c1)c1ccc(N2CC3(CN(Cc4ccccc4-c4ccc(Cl)cc4)C3)C2)cc1,468
O=C(NS(=O)(=O)c1ccc(N[C@H](CCN2CCOCC2)CSc2ccccc2)c(S(=O)(=O)C(F)(F)F)c1)c1ccc(P2(=O)CCN(Cc3ccccc3-c3ccc(Cl)cc3)CC2)cc1,1100
O=C(NS(=O)(=O)c1ccc(N[C@H](CCN2CCOCC2)CSc2ccccc2)c(S(=O)(=O)C(F)(F)F)c1)c1ccc(N2CCP(=O)(Cc3ccccc3-c3ccc(Cl)cc3)CC2)cc1,54
O=C(NS(=O)(=O)c1ccc(N[C@H](CCN2CCOCC2)CSc2ccccc2)c(S(=O)(=O)C(F)(F)F)c1)c1ccc(N2CCC(Oc3ccccc3-c3ccc(Cl)cc3)CC2)cc1,250
O=C(NS(=O)(=O)c1ccc(N[C@H](CCN2CCOCC2)CSc2ccccc2)c(S(=O)(=O)C(F)(F)F)c1)c1ccc(N2CCC(C(=O)c3ccccc3-c3ccc(Cl)cc3)CC2)cc1,65
O=C(NS(=O)(=O)c1ccc(N[C@H](CCN2CCOCC2)CSc2ccccc2)c(S(=O)(=O)C(F)(F)F)c1)c1ccc(N2CCC(Sc3ccccc3-c3ccc(Cl)cc3)CC2)cc1,61
O=C(NS(=O)(=O)c1ccc(N[C@H](CCN2CCOCC2)CSc2ccccc2)c(S(=O)(=O)C(F)(F)F)c1)c1ccc(N2CCC([S@@+]([O-])c3ccccc3-c3ccc(Cl)cc3)CC2)cc1,19
O=C(NS(=O)(=O)c1ccc(N[C@H](CCN2CCOCC2)CSc2ccccc2)c(S(=O)(=O)C(F)(F)F)c1)c1ccc(N2CCC([S@+]([O-])c3ccccc3-c3ccc(Cl)cc3)CC2)cc1,545
O=C(NS(=O)(=O)c1ccc(N[C@H](CCN2CCOCC2)CSc2ccccc2)c(S(=O)(=O)C(F)(F)F)c1)c1ccc(N2CCC(S(=O)(=O)c3ccccc3-c3ccc(Cl)cc3)CC2)cc1,87
N#CC1(Cc2ccccc2-c2ccc(Cl)cc2)CCN(c2ccc(C(=O)NS(=O)(=O)c3ccc(N[C@H](CCN4CCOCC4)CSc4ccccc4)c(S(=O)(=O)C(F)(F)F)c3)cc2)CC1,10
NCC1(Cc2ccccc2-c2ccc(Cl)cc2)CCN(c2ccc(C(=O)NS(=O)(=O)c3ccc(N[C@H](CCN4CCOCC4)CSc4ccccc4)c(S(=O)(=O)C(F)(F)F)c3)cc2)CC1,10
CCOC(=O)C1(Cc2ccccc2-c2ccc(Cl)cc2)CCN(c2ccc(C(=O)NS(=O)(=O)c3ccc(N[C@H](CCN4CCOCC4)CSc4ccccc4)c(S(=O)(=O)C(F)(F)F)c3)cc2)CC1,17
O=C(NS(=O)(=O)c1ccc(N[C@H](CCN2CCOCC2)CSc2ccccc2)c(S(=O)(=O)C(F)(F)F)c1)c1ccc(N2CCC(CO)(Cc3ccccc3-c3ccc(Cl)cc3)CC2)cc1,59
O=C(NS(=O)(=O)c1ccc(N[C@H](CCN2CCOCC2)CSc2ccccc2)c(S(=O)(=O)C(F)(F)F)c1)c1ccc(N2CCN(Cc3ccccc3-c3ncc(Cl)cn3)CC2)cc1,21
O=C(NS(=O)(=O)c1ccc(N[C@H](CCN2CCOCC2)CSc2ccccc2)c(S(=O)(=O)C(F)(F)F)c1)c1ccc(N2CCN(Cc3ccncc3-c3ccc(Cl)cc3)CC2)cc1,10
O=C(NS(=O)(=O)c1ccc(N[C@H](CCN2CCOCC2)CSc2ccccc2)c(S(=O)(=O)C(F)(F)F)c1)c1ccc(N2CCN(Cc3cccnc3-c3ccc(Cl)cc3)CC2)cc1,26
O=C(NS(=O)(=O)c1ccc(N[C@H](CCN2CCOCC2)CSc2ccccc2)c(S(=O)(=O)C(F)(F)F)c1)c1ccc(N2CCN(Cc3cn[nH]c3-c3ccc(Cl)cc3)CC2)cc1,40
Cn1ncc(CN2CCN(c3ccc(C(=O)NS(=O)(=O)c4ccc(N[C@H](CCN5CCOCC5)CSc5ccccc5)c(S(=O)(=O)C(F)(F)F)c4)cc3)CC2)c1-c1ccc(Cl)cc1,10
CN(C)C(=O)COc1cccc(-c2ccc(Cl)cc2)c1CN1CCN(c2ccc(C(=O)NS(=O)(=O)c3ccc(N[C@H](CCN4CCOCC4)CSc4ccccc4)c(S(=O)(=O)C(F)(F)F)c3)cc2)CC1,10
CN(C)C(=O)COc1ccc(-c2ccc(Cl)cc2)c(CN2CCN(c3ccc(C(=O)NS(=O)(=O)c4ccc(N[C@H](CCN5CCOCC5)CSc5ccccc5)c(S(=O)(=O)C(F)(F)F)c4)cc3)CC2)c1,10
CN(C)CCOc1cccc(-c2ccc(Cl)cc2)c1CN1CCN(c2ccc(C(=O)NS(=O)(=O)c3ccc(N[C@H](CCN4CCOCC4)CSc4ccccc4)c(S(=O)(=O)C(F)(F)F)c3)cc2)CC1,10
CN(C)CCOc1ccc(-c2ccc(Cl)cc2)c(CN2CCN(c3ccc(C(=O)NS(=O)(=O)c4ccc(N[C@H](CCN5CCOCC5)CSc5ccccc5)c(S(=O)(=O)C(F)(F)F)c4)cc3)CC2)c1,10
CC1(C)CCC(c2ccc(Cl)cc2)=C(CN2CCN(c3ccc(C(=O)NS(=O)(=O)c4ccc(N[C@H](CCN5CCOCC5)CSc5ccccc5)c(S(=O)(=O)C(F)(F)F)c4)cc3)CC2)C1,15
COc1cc2c(cc1OC(C)C)[C@H](c1ccc(Cl)cc1)N(c1ccc(N(C)C[C@H]3CC[C@H](N4CCN(C)C(=O)C4)CC3)cc1)C(=O)C2,50000
CCN(CCO)CC[C@@H](CSc1ccccc1)Nc1ccc(S(=O)(=O)NC(=O)c2ccc(N3CCC([C@H](O)c4ccccc4-c4ccc(Cl)cc4)CC3)cc2)cc1S(=O)(=O)C(F)(F)F,0.5
CCN(CC)CC1CN(CC[C@@H](CSc2ccccc2)Nc2ccc(S(=O)(=O)NC(=O)c3ccc(N4CCC([C@H](O)c5ccccc5-c5ccc(Cl)cc5)CC4)cc3)cc2S(=O)(=O)C(F)(F)F)CCO1,0.4
N#C[C@@H](c1ccccc1-c1ccc(Cl)cc1)C1CCN(c2ccc(C(=O)NS(=O)(=O)c3ccc(N[C@@H](CCN4CCOCC4)CSc4ccccc4)c(S(=O)(=O)C(F)(F)F)c3)cc2)CC1,1195
O=C(NS(=O)(=O)c1ccc(N[C@@H](CCN2CCO[C@H](CO)C2)CSc2ccccc2)c(S(=O)(=O)C(F)(F)F)c1)c1ccc(N2CCC([C@H](O)c3ccccc3-c3ccc(Cl)cc3)CC2)cc1,0.6
CNCC(=O)N[C@H](c1ccccc1-c1ccc(Cl)cc1)C1CCN(c2ccc(C(=O)NS(=O)(=O)c3ccc(N[C@@H](CCN4CCOCC4)CSc4ccccc4)c(S(=O)(=O)C(F)(F)F)c3)cc2)CC1,27
CCN(CCOP(=O)(O)O)CC[C@@H](CSc1ccccc1)Nc1ccc(S(=O)(=O)NC(=O)c2ccc(N3CCC([C@H](O)c4ccccc4-c4ccc(Cl)cc4)CC3)cc2)cc1S(=O)(=O)C(F)(F)F,0.9
O=C(NS(=O)(=O)c1ccc(N[C@@H](CCN2CCOCC2)CSc2ccccc2)c(S(=O)(=O)C(F)(F)F)c1)c1ccc(N2CCC([C@@H](O)c3ccccc3-c3ccc(Cl)cc3)CC2)cc1,253
N#C[C@H](c1ccccc1-c1ccc(Cl)cc1)C1CCN(c2ccc(C(=O)NS(=O)(=O)c3ccc(N[C@@H](CCN4CCOCC4)CSc4ccccc4)c(S(=O)(=O)C(F)(F)F)c3)cc2)CC1,7
CC(C)(C)OP(=O)(O)OCO[C@H](c1ccccc1-c1ccc(Cl)cc1)C1CCN(c2ccc(C(=O)NS(=O)(=O)c3ccc(N[C@@H](CCN4CCOCC4)CSc4ccccc4)c(S(=O)(=O)C(F)(F)F)c3)cc2)CC1,4
O=C(NS(=O)(=O)c1ccc(N[C@@H](CCN2CCOCC2)CSc2ccccc2)c(S(=O)(=O)C(F)(F)F)c1)c1ccc(N2CCC([C@H](O)c3ccccc3-c3ccc(Cl)cc3)CC2)cc1,3
O=C(NS(=O)(=O)c1ccc(N[C@@H](CCN2CCOC[C@@H]2CO)CSc2ccccc2)c(S(=O)(=O)C(F)(F)F)c1)c1ccc(N2CCC([C@H](O)c3ccccc3-c3ccc(Cl)cc3)CC2)cc1,0.4
CN(CCO)CC[C@@H](CSc1ccccc1)Nc1ccc(S(=O)(=O)NC(=O)c2ccc(N3CCC([C@H](O)c4ccccc4-c4ccc(Cl)cc4)CC3)cc2)cc1S(=O)(=O)C(F)(F)F,0.3
CN(CCOP(=O)(O)O)CC[C@@H](CSc1ccccc1)Nc1ccc(S(=O)(=O)NC(=O)c2ccc(N3CCC([C@H](O)c4ccccc4-c4ccc(Cl)cc4)CC3)cc2)cc1S(=O)(=O)C(F)(F)F,0.9
O=C(NS(=O)(=O)c1ccc(N[C@@H](CCN(CCO)CCO)CSc2ccccc2)c(S(=O)(=O)C(F)(F)F)c1)c1ccc(N2CCC([C@H](O)c3ccccc3-c3ccc(Cl)cc3)CC2)cc1,0.8
O=C(NS(=O)(=O)c1ccc(N[C@@H](CCN2CCOCC2)CSc2ccccc2)c([N+](=O)[O-])c1)c1ccc(N2CCC([C@H](O)c3ccccc3-c3ccc(Cl)cc3)CC2)cc1,0.8
NCC(=O)N[C@H](c1ccccc1-c1ccc(Cl)cc1)C1CCN(c2ccc(C(=O)NS(=O)(=O)c3ccc(N[C@@H](CCN4CCOCC4)CSc4ccccc4)c(S(=O)(=O)C(F)(F)F)c3)cc2)CC1,38
O=C(NS(=O)(=O)c1ccc(N[C@@H](CCN2CCN(C[C@@H](O)CF)CC2)CSc2ccccc2)c(S(=O)(=O)C(F)(F)F)c1)c1ccc(N2CCC([C@H](O)c3ccccc3-c3ccc(Cl)cc3)CC2)cc1,1
O=C(NS(=O)(=O)c1ccc(N[C@@H](CCN2CCO[C@@H](CO)C2)CSc2ccccc2)c(S(=O)(=O)C(F)(F)F)c1)c1ccc(N2CCC([C@H](O)c3ccccc3-c3ccc(Cl)cc3)CC2)cc1,1
O=C(NS(=O)(=O)c1ccc(N[C@@H](CCN2CCOC[C@H]2CO)CSc2ccccc2)c(S(=O)(=O)C(F)(F)F)c1)c1ccc(N2CCC([C@H](O)c3ccccc3-c3ccc(Cl)cc3)CC2)cc1,0.4
N[C@H](c1ccccc1-c1ccc(Cl)cc1)C1CCN(c2ccc(C(=O)NS(=O)(=O)c3ccc(N[C@@H](CCN4CCN(CCO)CC4)CSc4ccccc4)c(S(=O)(=O)C(F)(F)F)c3)cc2)CC1,16
O=C(NS(=O)(=O)c1ccc(N[C@@H](CCN2CCN(CCO)CC2)CSc2ccccc2)c(S(=O)(=O)C(F)(F)F)c1)c1ccc(N2CCC([C@H](O)c3ccccc3-c3ccc(Cl)cc3)CC2)cc1,1
COP(=O)(O)O[C@H](c1ccccc1-c1ccc(Cl)cc1)C1CCN(c2ccc(C(=O)NS(=O)(=O)c3ccc(N[C@@H](CCN4CCOCC4)CSc4ccccc4)c(S(=O)(=O)C(F)(F)F)c3)cc2)CC1,1
CN(C)[C@H](c1ccccc1-c1ccc(Cl)cc1)C1CCN(c2ccc(C(=O)NS(=O)(=O)c3ccc(N[C@@H](CCN4CCOCC4)CSc4ccccc4)c(S(=O)(=O)C(F)(F)F)c3)cc2)CC1,24
O=C(NS(=O)(=O)c1ccc(N[C@@H](CCN2CCN(CCOP(=O)(O)O)CC2)CSc2ccccc2)c(S(=O)(=O)C(F)(F)F)c1)c1ccc(N2CCC([C@H](O)c3ccccc3-c3ccc(Cl)cc3)CC2)cc1,0.7
N[C@H](c1ccccc1-c1ccc(Cl)cc1)C1CCN(c2ccc(C(=O)NS(=O)(=O)c3ccc(N[C@@H](CCN4CCOCC4)CSc4ccccc4)c(S(=O)(=O)C(F)(F)F)c3)cc2)CC1,30
CCN(CCO)CC[C@@H](CSc1ccccc1)Nc1ccc(S(=O)(=O)NC(=O)c2ccc(N3CCC([C@H](N)c4ccccc4-c4ccc(Cl)cc4)CC3)cc2)cc1S(=O)(=O)C(F)(F)F,3
CCOP(=O)(OCC)O[C@H](c1ccccc1-c1ccc(Cl)cc1)C1CCN(c2ccc(C(=O)NS(=O)(=O)c3ccc(N[C@@H](CCN4CCOCC4)CSc4ccccc4)c(S(=O)(=O)C(F)(F)F)c3)cc2)CC1,30
CCN(CC)C[C@@H]1COCCN1CC[C@H](CSc1ccccc1)Nc1ccc(S(=O)(=O)NC(=O)c2ccc(N3CCC([C@@H](O)c4ccccc4-c4ccc(Cl)cc4)CC3)cc2)cc1S(=O)(=O)C(F)(F)F,0.3
CCN(CC)C[C@H]1COCCN1CC[C@H](CSc1ccccc1)Nc1ccc(S(=O)(=O)NC(=O)c2ccc(N3CCC([C@@H](O)c4ccccc4-c4ccc(Cl)cc4)CC3)cc2)cc1S(=O)(=O)C(F)(F)F,0.3
O=C(NS(=O)(=O)c1ccc(N[C@@H](CCN(CCOP(=O)(O)O)CCOP(=O)(O)O)CSc2ccccc2)c(S(=O)(=O)C(F)(F)F)c1)c1ccc(N2CCC([C@H](O)c3ccccc3-c3ccc(Cl)cc3)CC2)cc1,2
CN(C)CC[C@@H](CSc1ccccc1)Nc1ccc(S(=O)(=O)NC(=O)c2ccc(N3CCC([C@H](O)c4ccccc4-c4ccc(Cl)cc4)CC3)cc2)cc1[N+](=O)[O-],0.3
CN(CCO)CC[C@@H](CSc1ccccc1)Nc1ccc(S(=O)(=O)NC(=O)c2ccc(N3CCC([C@H](N)c4ccccc4-c4ccc(Cl)cc4)CC3)cc2)cc1S(=O)(=O)C(F)(F)F,4
CC(C)Oc1ccc(C(=O)Nc2c(C(=O)O)nn(-c3ccc(Oc4ccccc4)cc3)c2-c2ccc(OC(C)C)cc2)cc1,5000
COC1=CC(c2cc3ccccc3[nH]2)=N/C1=C\c1[nH]c(C)cc1C,1110
COC(=O)CN/C=C1\C(=O)C(O)=C(C(C)C)c2cc(C)c(-c3c(C)cc4c(c3O)/C(=C/NC(=O)OC)C(=O)C(O)=C4C(C)C)c(O)c21,103
COC(=O)CCN/C=C1\C(=O)C(O)=C(C(C)C)c2cc(C)c(-c3c(C)cc4c(c3O)/C(=C/NCCC(=O)OC)C(=O)C(O)=C4C(C)C)c(O)c21,286
COC(=O)CCCN/C=C1\C(=O)C(O)=C(C(C)C)c2cc(C)c(-c3c(C)cc4c(c3O)/C(=C/NCCCC(=O)OC)C(=O)C(O)=C4C(C)C)c(O)c21,825
COC(=O)CCCCN/C=C1\C(=O)C(O)=C(C(C)C)c2cc(C)c(-c3c(C)cc4c(c3O)/C(=C/NCCCCC(=O)OC)C(=O)C(O)=C4C(C)C)c(O)c21,483
COC(=O)CCCCCN/C=C1\C(=O)C(O)=C(C(C)C)c2cc(C)c(-c3c(C)cc4c(c3O)/C(=C/NCCCCCC(=O)OC)C(=O)C(O)=C4C(C)C)c(O)c21,840
Cc1cc2c(c(O)c1-c1c(C)cc3c(c1O)/C(=C/NCC(=O)O)C(=O)C(O)=C3C(C)C)/C(=C/NCC(=O)O)C(=O)C(O)=C2C(C)C,573
Cc1cc2c(c(O)c1-c1c(C)cc3c(c1O)/C(=C/NCCCC(=O)O)C(=O)C(O)=C3C(C)C)/C(=C/NCCCC(=O)O)C(=O)C(O)=C2C(C)C,596
Cc1cc2c(c(O)c1-c1c(C)cc3c(c1O)/C(=C/NCCCCC(=O)O)C(=O)C(O)=C3C(C)C)/C(=C/NCCCCC(=O)O)C(=O)C(O)=C2C(C)C,458
CC1(C)CCC(CN2CCN(c3ccc(C(=O)NS(=O)(=O)c4ccc(NCC5CCOCC5)c([N+](=O)[O-])c4)c(Oc4cnc5[nH]ccc5c4)c3)CC2)=C(c2ccc(Cl)cc2)C1,1
CN(CC[C@H](CSc1ccccc1)Nc1ccc(S(=O)(=O)NC(=O)c2ccc(N3CCN(Cc4ccccc4-c4ccc(Cl)cc4)CC3)cc2)cc1[N+](=O)[O-])CC(=O)NO,100
Cc1c(C(=O)N(c2ccc(O)cc2)c2ccc3c(ccn3C)c2)cc(-c2cc3c(cc2C(=O)N2Cc4ccccc4C[C@H]2CN2CCOCC2)OCO3)n1C,3.7
Cc1c(C(=O)N(c2ccccc2)c2ccc(O)cc2)cc(-c2cc3c(cc2C(=O)N2Cc4ccccc4C[C@H]2CN2CCOCC2)OCO3)n1C,11.1
COc1ccc(C(=O)N2Cc3ccccc3C[C@H]2CN2CCOCC2)c(-c2cc(C(=O)N(c3ccccc3)c3ccc(O)cc3)c(C)n2C)c1,6
Cc1c(C(=O)N(c2ccncc2)c2ccc(O)cc2)cc(-c2cc3c(cc2C(=O)N2Cc4ccccc4C[C@H]2CN2CCN(C)CC2)OCO3)n1C,8.5
Cc1c(C(=O)N(c2ccc(O)cc2)c2ccc3c(c2)ncn3C)cc(-c2cc(Cl)ccc2C(=O)N2Cc3ccccc3C[C@H]2CN2CCOCC2)n1C,7.7
Cc1c(C(=O)N(c2ccncc2)c2ccc(O)cc2)cc(-c2cc3c(cc2C(=O)N2Cc4ccccc4C[C@H]2CN2CCOCC2)OCO3)n1C,8
CN1CCN(C[C@@H]2Cc3ccccc3CN2C(=O)c2cc3c(cc2-c2cc(C(=O)N(c4ccc(O)cc4)N4CCN(C)CC4)c(C(F)(F)F)n2C)OCO3)CC1,52.9
COCCc1c(C(=O)N(c2ccc(O)cc2)c2cnc3ccn(C)c3c2)cc(-c2cc3c(cc2C(=O)N2Cc4ccccc4C[C@H]2CN2CCOCC2)OCO3)n1C,15.9
Cc1c(C(=O)N(C2=CC3C(C=CN3C)N=C2)c2ccc(O)cc2)cc(-c2cc(Cl)ccc2C(=O)N2Cc3ccccc3C[C@H]2CN2CCOCC2)n1C,2
Cc1c(C(=O)N(c2ccc(O)cc2)c2cnn(C)c2)cc(-c2ccc(F)cc2C(=O)N2Cc3ccccc3C[C@H]2CN2CCOCC2)n1C,447
Cc1c(C(=O)N(c2ccc(O)cc2)c2cnn(C)c2)cc(-c2cc(Cl)ccc2C(=O)N2Cc3ccccc3C[C@H]2C)n1C,5
CN1CCN(C[C@@H]2Cc3ccccc3CN2C(=O)c2ccc(Cl)cc2-c2cc(C(=O)N(c3ccc(O)cc3)c3ccc4[nH]ccc4c3)cn2C)CC1,24.6
CN1CCN(C[C@@H]2Cc3ccccc3CN2C(=O)c2ccc(Cl)cc2-c2cc(C(=O)N(c3ccc(O)cc3)c3ccc4c(ccn4C)c3)cn2C)CC1,21.2
CCn1cc(C(=O)N(c2ccc(O)cc2)c2ccc3c(ccn3C)c2)cc1-c1cc(Cl)ccc1C(=O)N1Cc2ccccc2C[C@H]1CN1CCN(C)CC1,25.2
CN1CCN(C[C@@H]2Cc3ccccc3CN2C(=O)c2ccc(Cl)cc2-c2cc(C(=O)N(c3ccc(O)cc3)c3ccc4c(ccn4C)c3)cn2C2CC2)CC1,25.6
CN1CCN(C[C@@H]2Cc3ccccc3CN2C(=O)c2cc3c(cc2-c2cc(C(=O)N(c4ccc(O)cc4)c4ccc5c(ccn5C)c4)cn2C)OCO3)CC1,22.4
Cc1c(C(=O)N(c2ccccc2)c2ccc(O)cc2)cc(-c2cc(F)ccc2C(=O)N2Cc3ccccc3C[C@H]2CN2CCOCC2)n1C,16.2
Cc1c(C(=O)N(c2ccccc2)c2ccc(O)cc2)cc(-c2cc(F)ccc2C(=O)N2Cc3ccccc3C[C@H]2CN2CCOCC2)n1CCCO,14.2
Cc1c(C(=O)N(c2ccc(O)cc2)c2ccc3c(cnn3C)c2)cc(-c2cc(F)ccc2C(=O)N2Cc3ccccc3C[C@H]2CN2CCOCC2)n1C,5.5
Cc1ccc(N(C(=O)c2cc(-c3cc4c(cc3C(=O)N3Cc5ccccc5C[C@H]3CN3CCOCC3)OCO4)n(C)c2C)c2ccc(O)cc2)cc1F,4.4
Cc1c(C(=O)N(c2ccc(O)cc2)c2cccc(F)c2)cc(-c2cc3c(cc2C(=O)N2Cc4ccccc4C[C@H]2CN2CCOCC2)OCO3)n1C,12.6
Cc1c(C(=O)N(c2ccccc2)c2ccc(O)cc2)cc(-c2cc(Cl)ccc2C(=O)N2Cc3ccccc3C[C@H]2CN2CCOCC2)n1C,8
Cc1c(C(=O)N(c2ccccc2)c2ccc(O)cc2)cc(-c2cc3c(cc2C(=O)N2Cc4ccccc4C[C@H]2CCN2CCOCC2)OCO3)n1CCO,3.9
COc1ccc(C(=O)N2Cc3ccccc3C[C@H]2C)c(-c2cc(C(=O)N(c3ccncc3)c3ccc(O)cc3)c(C)n2C)c1,4.9
Cc1c(C(=O)N(c2ccc(O)cc2)c2cnn(C)c2)cc(-c2cc3c(cc2C(=O)N2Cc4ccccc4C[C@H]2CN2CCOCC2)OCCO3)n1C,4.7
Cc1c(C(=O)N(c2ccccc2)c2ccc(O)cc2)cc(-c2cc3c(cc2C(=O)N2Cc4ccccc4C[C@H]2CN2CCOCC2)OCCO3)n1C,6.6
Cc1c(C(=O)N(c2ccc(O)cc2)c2cnn(C)c2)cc(-c2cc3c(cc2C(=O)N2Cc4ccccc4C[C@H]2C)OCO3)n1CCO,3.6
COc1ccc(C(=O)N2Cc3ccccc3C[C@H]2CN2CCOCC2)c(-c2cc(C(=O)N(c3ccc(O)cc3)c3cnn(C)c3)c(C)n2C)c1,6.2
Cc1c(C(=O)N(c2ccc(O)cc2)c2cnn(C)c2)cc(-c2cc(Cl)ccc2C(=O)N2Cc3ccccc3C[C@H]2CN2CCOCC2)n1C,4
CNCCn1c(-c2cc3c(cc2C(=O)N2Cc4ccccc4C[C@H]2C)OCO3)cc(C(=O)N(c2ccc(O)cc2)c2cnn(C)c2)c1C,4.1
Cc1c(C(=O)N(c2ccc(O)cc2)c2cnn(C)c2)cc(-c2cc3c(cc2C(=O)N2Cc4ccccc4C[C@H]2C)OCO3)n1CCN(C)C,5.2
Cc1c(C(=O)N(c2ccncc2)c2ccc(O)cc2)cc(-c2cc(Cl)ccc2C(=O)N2Cc3ccccc3C[C@H]2C)n1C,7.5
CC1=C(C(=O)N(c2ccccc2)c2ccc(O)cc2)CC(c2cc(Cl)ccc2C(=O)N2Cc3ccccc3C[C@H]2COCCN2CCOCC2)N1C,6.6
Cc1c(C(=O)N(c2ccc(O)cc2)c2cnn(C)c2)cc(-c2cc3c(cc2C(=O)N2Cc4ccccc4C[C@H]2C)OCO3)n1CCN,4.7
COc1ccc(C(=O)N2Cc3ccccc3C[C@H]2C)c(-c2cc(C(=O)N(c3ccc(O)cc3)c3cnn(C)c3)c(C)n2C)c1,7.2
Cc1c(C(=O)N(C)c2ccc(O)cc2)cc(-c2ccc(CNC(=O)Oc3ccccc3)cc2C(=O)N2Cc3ccccc3C[C@H]2C)n1C,13.3
Cc1c(C(=O)N(c2ccc(O)cc2)c2ccc(F)cc2)cc(-c2cc(Cl)ccc2C(=O)N2Cc3ccccc3C[C@H]2CN2CCOCC2)n1C,10.9
Cc1c(C(=O)N(c2ccc(O)cc2)c2cccc(F)c2)cc(-c2cc(Cl)ccc2C(=O)N2Cc3ccccc3C[C@H]2CN2CCOCC2)n1C,8.2
Cc1c(C(=O)N(C)c2ccc(O)cc2)cc(-c2ccc(CNC(=O)COc3ccccc3)cc2C(=O)N2Cc3ccccc3C[C@H]2C)n1C,50
CCNC(=O)NCc1ccc(-c2cc(C(=O)N(C)c3ccc(O)cc3)c(C)n2C)c(C(=O)N2Cc3ccccc3C[C@H]2C)c1,71.4
Cc1c(C(=O)N(C)c2ccc(O)cc2)cc(-c2ccc(CNC(=O)NCc3ccccc3)cc2C(=O)N2Cc3ccccc3C[C@H]2C)n1C,60.4
Cc1c(C(=O)N(c2ccccc2)c2ccc(O)cc2)cc(-c2cc(Cl)ccc2C(=O)N2Cc3ccccc3C[C@H]2CO)n1C,7.5
Cc1c(C(=O)N(c2ccc(O)cc2)c2cnn(C)c2)cc(-c2cc3c(cc2C(=O)N2Cc4ccccc4C[C@H]2C)OCO3)n1C,7.2
Cc1c(C(=O)N(C)c2ccc(O)cc2)cc(-c2cc(CNC(=O)Oc3ccccc3)ccc2C(=O)N2Cc3ccccc3C[C@H]2C)n1C,64.4
Cc1c(C(=O)N(c2ccc(O)cc2)c2cccc(F)c2)cc(-c2cc3c(cc2C(=O)N2Cc4ccccc4C[C@H]2C)OCO3)n1C,10
Cc1c(C(=O)N(c2ccc(O)cc2)c2cnc3c(ccn3C)c2)cc(-c2cc3c(cc2C(=O)N2Cc4ccccc4C[C@H]2C)OCO3)n1C,5.2
Cc1c(C(=O)N(c2ccccc2)c2ccc(O)cc2)cc(-c2cc3c(cc2C(=O)N2Cc4ccccc4C[C@H]2C)OCO3)n1C,5.1
Cc1c(C(=O)N(c2ccc(O)cc2)c2cnc3c(ccn3C)c2)cc(-c2cc3c(cc2C(=O)N2Cc4ccccc4C[C@H]2CN2CCOCC2)OCO3)n1C,3
Cc1c(C(=O)N(C)c2ccc(O)cc2)cc(-c2cc(CCN(C(=O)O)c3ccccc3)ccc2C(=O)N2Cc3ccccc3C[C@H]2C)n1C,38.9
Cc1c(C(=O)N(C)c2ccc(O)cc2)cc(-c2cc(CCNC(=O)COc3ccccc3)ccc2C(=O)N2Cc3ccccc3C[C@H]2C)n1C,76.6
Cc1c(C(=O)N(c2ccc(O)cc2)c2cnn(C)c2)cc(-c2cc3c(cc2C(=O)N2Cc4ccccc4C[C@H]2CN2CCOCC2)OCO3)n1C,5.9
COc1ncc(N(C(=O)c2cc(-c3cc4c(cc3C(=O)N3Cc5ccccc5C[C@H]3C)OCO4)n(C)c2C)c2ccc(O)cc2)cn1,4.4
Cc1c(C(=O)N(c2ccc(O)cc2)c2cnc3c(c2)CCN3C)cc(-c2cc3c(cc2C(=O)N2Cc4ccccc4C[C@H]2CN2CCOCC2)OCO3)n1C,4
COc1ncc(N(C(=O)c2cc(-c3cc4c(cc3C(=O)N3Cc5ccccc5C[C@H]3CN3CCOCC3)OCO4)n(C)c2C)c2ccc(O)cc2)cn1,5.9
Cc1c(C(=O)N(C)c2ccc(O)cc2)cc(-c2cc(CNC(=O)NCc3ccccc3)ccc2C(=O)N2Cc3ccccc3C[C@H]2C)n1C,26.7
CCNC(=O)NCc1ccc(C(=O)N2Cc3ccccc3C[C@H]2C)c(-c2cc(C(=O)N(C)c3ccc(O)cc3)c(C)n2C)c1,28.9
Cc1c(C(=O)N(C)c2ccc(O)cc2)cc(-c2cc(CNC(=O)COc3ccccc3)ccc2C(=O)N2Cc3ccccc3C[C@H]2C)n1C,43.5
Cc1c(C(=O)N(c2ccc(O)cc2)c2cnc3c(ccn3C)c2)cc(-c2cc(CNC(=O)COc3ccccc3)ccc2C(=O)N2Cc3ccccc3C[C@H]2C)n1C,18
Cc1c(C(=O)N(C)c2ccc(O)cc2)cc(-c2cc(CCNS(=O)(=O)CCc3ccc(F)cc3)ccc2C(=O)N2Cc3ccccc3C[C@H]2C)n1C,209.6
Cc1c(C(=O)N(C)c2ccc(O)cc2)cc(-c2cc(CCNC(=O)NCc3ccccc3)ccc2C(=O)N2Cc3ccccc3C[C@H]2C)n1C,75
Cc1c(C(=O)N(C)c2ccc(O)cc2)cc(-c2cc(CCNC(=O)Cc3ccccc3)ccc2C(=O)N2Cc3ccccc3C[C@H]2C)n1C,80
Cc1c(C(=O)N(C)c2ccc(O)cc2)cc(-c2cc(CCNC(=O)Nc3ccccc3)ccc2C(=O)N2Cc3ccccc3C[C@H]2C)n1C,133.3
Cc1c(C(=O)N(C)c2ccc(O)cc2)cc(-c2ccc(CNS(=O)(=O)CCc3ccc(F)cc3)cc2C(=O)N2Cc3ccccc3C[C@H]2C)n1C,134
Cc1c(C(=O)N(c2ccncc2)c2ccc(O)cc2)cc(-c2cc3c(cc2C(=O)N2Cc4ccccc4C[C@H]2C)OCO3)n1C,4.5
COc1cc(C(=O)N2Cc3ccccc3C[C@H]2C)c(-c2cc(C(=O)N(c3ccc(O)cc3)c3cnn(C)c3)c(C)n2C)cc1F,14.3
Cc1c(C(=O)N(c2ccc(O)cc2)c2cnc3c(ccn3C)c2)cc(-c2cc(Cl)ccc2C(=O)N2Cc3ccccc3C[C@H]2C)n1C,5.1
Cc1c(C(=O)N(c2ccccc2)c2cnc3c(ccn3C)c2)cc(-c2cc3c(cc2C(=O)N2Cc4ccccc4C[C@H]2CN2CCOCC2)OCO3)n1C,21.9
Cc1ccc(OC(=O)NCc2ccc(-c3cc(C(=O)N(C)c4ccc(O)cc4)c(C)n3C)c(C(=O)N3Cc4ccccc4C[C@H]3C)c2)cc1,16.9
Cc1c(C(=O)N(c2ccc(O)cc2)c2cnn(C)c2)cc(-c2cc(F)ccc2C(=O)N2Cc3ccccc3C[C@H]2CN2CCOCC2)n1C,12.5
Cc1c(C(=O)N(c2ccc(O)cc2)c2cnn(C)c2)cc(-c2cc(F)c(O)cc2C(=O)N2Cc3ccccc3C[C@H]2C)n1C,2.1
Cc1c(C(=O)N(c2ccc(O)cc2)c2cnc3c(ccn3C)c2)cc(-c2cc3c(cc2C(=O)N2Cc4ccccc4C[C@H]2CN2CCN(C)CC2)OCO3)n1C,5.3
Cc1c(C(=O)N(c2ccc(O)cc2)c2cnc3c(ccn3C)c2)cc(-c2cc(Cl)ccc2C(=O)N2Cc3ccccc3C[C@H]2CN2CCOCC2)n1C,6.1
C[C@@H]1Cc2ccccc2CN1C(=O)c1cc2c(cc1-c1cc(C(=O)N(c3ccc(O)cc3)c3cnn(C)c3)c(CN3CCOCC3)n1C)OCO2,19.5
CCn1c(-c2cc3c(cc2C(=O)N2Cc4ccccc4C[C@H]2CN2CCOCC2)OCO3)cc(C(=O)N(c2ccc(O)cc2)c2cnn(C)c2)c1C,8.4
COCCn1c(-c2cc3c(cc2C(=O)N2Cc4ccccc4C[C@H]2CN2CCOCC2)OCO3)cc(C(=O)N(c2ccc(O)cc2)c2cnn(C)c2)c1C,19.7
Cc1c(C(=O)N(c2ccc(O)cc2)c2cnn(C)c2)cc(-c2cc3c(cc2C(=O)N2Cc4ccccc4C[C@H]2CN2CCOCC2)OCO3)n1CCF,8.6
Cc1c(C(=O)N(c2ccc(O)cc2)c2cnn(C)c2)cc(-c2cc3c(cc2C(=O)N2Cc4ccccc4C[C@H]2CN2CCOCC2)OCO3)n1CC(F)F,7
Cc1c(C(=O)N(c2ccc(O)cc2)c2cnn(C)c2)cc(-c2cc3c(cc2C(=O)N2Cc4ccccc4C[C@H]2C)OCO3)n1CCN1CCOCC1,13.5
Cc1c(C(=O)N(c2ccccc2)c2ccc(O)cc2)cc(-c2cc3c(cc2C(=O)N2Cc4ccccc4C[C@H]2C)OCO3)n1CCN1CCOCC1,19
Cc1c(C(=O)N(c2ccccc2)c2ccc(O)cc2)cc(-c2cc3c(cc2C(=O)N2Cc4ccccc4C[C@H]2C)OCO3)n1CCN(C)C,7.6
COCCN(C)CCn1c(-c2cc3c(cc2C(=O)N2Cc4ccccc4C[C@H]2C)OCO3)cc(C(=O)N(c2ccc(O)cc2)c2cnn(C)c2)c1C,6.4
COc1cc(C(=O)N2Cc3ccccc3C[C@H]2CN2CCOCC2)c(-c2[nH]c(C)c(C(=O)N(c3ccc(O)cc3)c3cnn(C)c3)c2C)cc1F,22.9
COc1cc(-c2cc(C(=O)N(c3ccc(O)cc3)c3cnn(C)c3)c(C)n2C)c(C(=O)N2Cc3ccccc3C[C@H]2CN2CCOCC2)cc1F,21.1
Cc1c(C(=O)N(c2ccc(O)cc2)c2cnc3c(ccn3C)c2)cc(-c2cc(Cl)ccc2C(=O)N2Cc3ccccc3C[C@H]2CN2CCN(C)CC2)n1C,2
Cc1c(C(=O)N(c2ccc(O)cc2)c2cc(C#N)n(C)c2)cc(-c2cc(Cl)ccc2C(=O)N2Cc3ccccc3C[C@H]2CN2CCOCC2)n1C,3.9
Cc1c(C(=O)N(c2ccc(O)cc2)c2cccc(C#N)n2)cc(-c2cc(Cl)ccc2C(=O)N2Cc3ccccc3C[C@H]2CN2CCOCC2)n1C,91.5
Cc1c(C(=O)N(c2ccc(O)cc2)c2cc(C#N)ccn2)cc(-c2cc(Cl)ccc2C(=O)N2Cc3ccccc3C[C@H]2CN2CCOCC2)n1C,8.5
Cc1c(C(=O)N(c2ccc(O)cc2)c2cnn(C)c2)cc(-c2cc(Cl)ccc2C(=O)N2Cc3ccccc3C[C@H]2CN2CCN3CCOC[C@@H]3C2)n1C,3.6
Cc1c(C(=O)N(c2ccc(O)cc2)c2cnn(C)c2)cc(-c2cc(Cl)ccc2C(=O)N2Cc3ccccc3C[C@H]2CN2CCN3CCOC[C@H]3C2)n1C,3.4
Cc1c(C(=O)N(c2ccc(O)cc2)c2cnn(C3CC3)c2)cc(-c2cc(Cl)ccc2C(=O)N2Cc3ccccc3C[C@H]2CN2CCOCC2)n1C,3.4
Cc1c(C(=O)N(c2ccc(O)cc2)c2cnn(C3COC3)c2)cc(-c2cc(Cl)ccc2C(=O)N2Cc3ccccc3C[C@H]2CN2CCOCC2)n1C,4.2
Cc1c(C(=O)N(c2ccc(O)cc2)c2cnn(C3CCOC3)c2)cc(-c2cc(Cl)ccc2C(=O)N2Cc3ccccc3C[C@H]2CN2CCOCC2)n1C,5.3
Cc1c(C(=O)N(c2ccccc2)c2cnc3c(c2)CCN3C)cc(-c2cc(Cl)ccc2C(=O)N2Cc3ccccc3C[C@H]2CN2CCOCC2)n1C,18.1
Cc1c(C(=O)N(c2ccc(O)cc2)c2cnn(C)c2)cc(-c2cc(Cl)ccc2C(=O)N2Cc3ccccc3C[C@H]2CN2CC3(CCO3)C2)n1C,4.6
COc1cc(C(=O)N2Cc3ccccc3C[C@H]2CN2CCOCC2)c(-c2cc(C(=O)N(c3ccc(O)cc3)c3cnc4c(ccn4C)c3)c(C)n2C)cc1F,7.4
COc1cc(C(=O)N2Cc3ccccc3C[C@H]2CN2CCOCC2)c(-c2cc(C(=O)N(c3ccc(O)cc3)c3cnc4c(c3)CCN4C)c(C)n2C)cc1F,8.8
Cc1c(C(=O)N(c2ccc(O)cc2)c2cnn(C3CC3)c2)cc(-c2cc(F)ccc2C(=O)N2Cc3ccccc3C[C@H]2CN2CCOCC2)n1C,6.3
Cc1c(C(=O)N(c2ccc(O)cc2)c2cc(C#N)n(C)c2)cc(-c2cc(F)ccc2C(=O)N2Cc3ccccc3C[C@H]2CN2CCOCC2)n1C,5.1
COCCc1c(C(=O)N(c2ccc(O)cc2)c2cnc3c(c2)CCN3C)cc(-c2cc3c(cc2C(=O)N2Cc4ccccc4C[C@H]2CN2CCOCC2)OCO3)n1C,14.8
Cc1c(C(=O)N(c2ccncc2)c2ccc(O)cc2)cc(-c2cc(F)ccc2C(=O)N2Cc3ccccc3C[C@H]2CN2CCOCC2)n1C,9.7
Cc1c(C(=O)N(c2ccc(O)cc2)c2cnc3c(ccn3C)c2)cc(-c2cc(F)ccc2C(=O)N2Cc3ccccc3C[C@H]2CN2CCOCC2)n1C,5.7
Cc1c(N(C(=O)c2cc(-c3cc(Cl)ccc3C(=O)N3Cc4ccccc4C[C@H]3CN3CCOCC3)n(C)c2C)c2ccc(O)cc2)cc(C#N)n1C,2.6
CC(Nc1ncnc(N)c1C#N)c1cc(Cl)c2ccnnc2c1-c1cccc(F)c1,20.6
Cc1c(C(=O)N(c2ccc(O)cc2)c2cnc3c(c2)CCN3C)cc(-c2cc(Cl)ccc2C(=O)N2Cc3ccccc3C[C@H]2CN2CCOCC2)n1C,3.6
Cc1c(C(=O)N(c2ccc(O)cc2)c2cc3ccn(C)c3cn2)cc(-c2cc(Cl)ccc2C(=O)N2Cc3ccccc3C[C@H]2CN2CCOCC2)n1C,14.7
Cc1c(C(=O)N(c2ccccc2)c2cnc3c(ccn3C)c2)cc(-c2cc(Cl)ccc2C(=O)N2Cc3ccccc3C[C@H]2CN2CCOCC2)n1C,21.2
Cc1c(C(=O)N(c2ccc(O)cc2)c2ccc3c(ccn3C)n2)cc(-c2cc(Cl)ccc2C(=O)N2Cc3ccccc3C[C@H]2CN2CCOCC2)n1C,30.3
Cc1c(C(=O)N(c2ccccc2)c2ccc(O)cc2)cc(-c2cc(Cl)ccc2C(=O)N2Cc3ccccc3C[C@H]2CCCN2CCOCC2)n1C,3.8
Cc1c(C(=O)N(c2ccc(O)cc2)c2cnc3c(ccn3C)c2)cc(-c2cc(Cl)ccc2C(=O)N2Cc3ccccc3C[C@H]2CCCN2CCOCC2)n1C,2.1
Cc1c(C(=O)N(c2ccc(O)cc2)c2cnc3c(c2)CCN3C)cc(-c2cc(Cl)ccc2C(=O)N2Cc3ccccc3C[C@H]2CCCN2CCOCC2)n1C,2.5
COc1ccc(N(C(=O)c2cc(-c3cc(Cl)ccc3C(=O)N3Cc4ccccc4C[C@H]3CN3CCOCC3)n(C)c2C)c2ccc(O)cc2)cc1C#N,3.5
Cc1c(C(=O)N(c2ccc(O)c(F)c2)c2cnn(C)c2)cc(-c2cc3c(cc2C(=O)N2Cc4ccccc4C[C@H]2CN2CCOCC2)OCO3)n1C,15.7
COc1ncc(N(C(=O)c2cc(-c3cc(Cl)ccc3C(=O)N3Cc4ccccc4C[C@H]3CN3CCOCC3)n(C)c2C)c2ccc(O)cc2)cn1,4.5
Cc1c(C(=O)N(c2ccc(O)cc2)c2cccc(C#N)c2)cc(-c2cc(Cl)ccc2C(=O)N2Cc3ccccc3C[C@H]2CN2CCOCC2)n1C,3.9
Cc1c(C(=O)N(c2ccc(O)c(F)c2)c2cnn(C)c2)cc(-c2cc(Cl)ccc2C(=O)N2Cc3ccccc3C[C@H]2CN2CCOCC2)n1C,9.9
COC(=O)c1ccnc(N(C(=O)c2cc(-c3cc(Cl)ccc3C(=O)N3Cc4ccccc4C[C@H]3CN3CCOCC3)n(C)c2C)c2ccc(O)cc2)c1,49
Cc1c(C(=O)N(c2ccc(O)cc2)c2ccc(F)c(C#N)c2)cc(-c2cc(Cl)ccc2C(=O)N2Cc3ccccc3C[C@H]2CN2CCOCC2)n1C,8
Cc1c(C(=O)N(c2ccc(O)cc2)c2cnn([C@H]3CCOC3)c2)cc(-c2cc(F)ccc2C(=O)N2Cc3ccccc3C[C@H]2CN2CCOCC2)n1C,26.1
Cc1c(C(=O)N(c2ccc(O)cc2)c2ccnc(C#N)n2)cc(-c2cc(Cl)ccc2C(=O)N2Cc3ccccc3C[C@H]2CN2CCOCC2)n1C,24.4
Cc1c(N(C(=O)c2cc(-c3ccccc3C(=O)N3Cc4ccccc4C[C@H]3CN3CCOCC3)n(C)c2C)c2ccc(O)cc2)cc(C#N)n1C,4.2
COc1ccc(C(=O)N2Cc3ccccc3C[C@H]2CN2CCOCC2)c(-c2cc(C(=O)N(c3ccc(O)c(F)c3)c3cnn(C)c3)c(C)n2C)c1,20.6
COc1ccc(C(=O)N2Cc3ccccc3C[C@H]2CN2CCOCC2)c(-c2cc(C(=O)N(c3ccc(O)cc3)c3cc(C#N)n(C)c3C)c(C)n2C)c1,5.4
Cc1c(C(=O)N(c2ccc(O)cc2)c2cnc3c(ccn3C)c2)cc(-c2ccccc2C(=O)N2Cc3ccccc3C[C@H]2CN2CCOCC2)n1C,12.2
Cc1c(C(=O)N(c2ccc(O)cc2)c2cnc3c(c2)CCN3C)cc(-c2ccccc2C(=O)N2Cc3ccccc3C[C@H]2CN2CCOCC2)n1C,9.9
Cc1c(C(=O)N(c2ccc(O)cc2)c2cnn(C)c2)cc(-c2cc(Cl)ccc2C(=O)N2Cc3ccccc3C[C@H]2C)n1CCN1CCOCC1,5.5
Cc1c(N(C(=O)c2cc(-c3cc(Cl)ccc3C(=O)N3Cc4ccccc4C[C@H]3CCCN3CCOCC3)n(C)c2C)c2ccc(O)cc2)cc(C#N)n1C,3.1
Cc1c(N(C(=O)c2cc(-c3cc4c(cc3C(=O)N3Cc5ccccc5C[C@H]3CN3CCOCC3)OCCO4)n(C)c2C)c2ccc(O)cc2)cc(C#N)n1C,3.1
Cc1c(N(C(=O)c2cc(-c3cc(Cl)ccc3C(=O)N3Cc4ccccc4C[C@H]3CN3CCOCC3)n(C)c2)c2ccc(O)cc2)cc(C#N)n1C,3.8
COc1ccc(-c2cc(C(=O)N(c3ccc(O)cc3)c3cc(C#N)n(C)c3C)c(C)n2C)c(C(=O)N2Cc3ccccc3C[C@H]2CN2CCOCC2)c1,3
COc1ccc(-c2cc(C(=O)N(c3ccc(O)cc3)c3cnn(C)c3)c(C)n2C)c(C(=O)N2Cc3ccccc3C[C@H]2CN2CCOCC2)c1,10.1
Cc1c(C(=O)N(c2ccc(O)cc2)c2cccc(C#N)c2)cc(-c2cc(F)ccc2C(=O)N2Cc3ccccc3C[C@H]2CN2CCOCC2)n1C,2.8
Cc1c(N(C(=O)c2cc(-c3cc(F)ccc3C(=O)N3Cc4ccccc4C[C@H]3CN3CCOCC3)n(C)c2C)c2ccc(O)cc2)cc(C#N)n1C,2.5
Cc1c(C(=O)N(c2ccc(O)cc2)c2cnn(C)c2)cc(-c2ccccc2C(=O)N2Cc3ccccc3C[C@H]2CN2CCOCC2)n1C,9.2
Cc1c(C(=O)N(c2ccc(O)cc2)c2cnn(C3COC3)c2)cc(-c2cc(F)ccc2C(=O)N2Cc3ccccc3C[C@H]2CN2CCOCC2)n1C,11.7
COc1ncc(N(C(=O)c2cc(-c3ccccc3C(=O)N3Cc4ccccc4C[C@H]3CN3CCOCC3)n(C)c2C)c2ccc(O)cc2)cn1,13.6
COc1cc(C#N)cc(N(C(=O)c2cc(-c3cc(F)ccc3C(=O)N3Cc4ccccc4C[C@H]3CN3CCOCC3)n(C)c2C)c2ccc(O)cc2)c1,4.2
COc1ncc(N(C(=O)c2cc(-c3cc(F)ccc3C(=O)N3Cc4ccccc4C[C@H]3CN3CCOCC3)n(C)c2C)c2ccc(O)cc2)cn1,5.2
COc1ccc(N(C(=O)c2cc(-c3cc(F)ccc3C(=O)N3Cc4ccccc4C[C@H]3CN3CCOCC3)n(C)c2C)c2ccc(O)cc2)cc1C#N,2.2
Cc1c(N(C(=O)c2cc(-c3ccc(F)cc3C(=O)N3Cc4ccccc4C[C@H]3CN3CCOCC3)n(C)c2C)c2ccc(O)cc2)cc(C#N)n1C,3.5
COc1cc(-c2cc(C(=O)N(c3ccc(O)cc3)c3cc(C#N)n(C)c3C)c(C)n2C)c(C(=O)N2Cc3ccccc3C[C@H]2CN2CCOCC2)cc1F,3.1
Cc1c(C(=O)N(c2ccc(O)cc2)c2cnc3c(ccn3C)c2)cc(-c2cc(Cl)ccc2C(=O)N2Cc3ccccc3CC2C(F)(F)F)n1C,19.9
Cc1nn(C)cc1N(C(=O)c1cc(-c2cc(Cl)ccc2C(=O)N2Cc3ccccc3C[C@H]2CN2CCOCC2)n(C)c1C)c1ccc(O)cc1,3
Cc1c(N(C(=O)c2cc(-c3cc(Cl)ccc3C(=O)N3Cc4ccccc4C[C@H]3CN3CCOCC3)n(C)c2C)c2ccc(O)cc2)cnn1C,3.4
Cc1c(C(=O)N(c2ccc(O)cc2)c2cc(C#N)n(C)c2)cc(-c2ccccc2C(=O)N2Cc3ccccc3C[C@H]2CN2CCOCC2)n1C,2.6
Cc1c(C(=O)N(c2ccc(O)cc2)c2cnc3c(c2)CCN3C)cc(-c2cc(F)ccc2C(=O)N2Cc3ccccc3C[C@H]2CN2CCOCC2)n1C,3.5
COc1cc(C(=O)N2Cc3ccccc3C[C@H]2CN2CCOCC2)c(-c2cc(C(=O)N(c3ccc(O)cc3)c3cc(C#N)ccn3)c(C)n2C)cc1F,14.9
Cc1c(C(=O)N(c2ccc(O)cc2)c2ccc(C#N)s2)cc(-c2cc(Cl)ccc2C(=O)N2Cc3ccccc3C[C@H]2CN2CCOCC2)n1C,49.1
Cc1c(C(=O)N(c2ccc(O)cc2)c2ccc(F)c(C#N)c2)cc(-c2cc(F)ccc2C(=O)N2Cc3ccccc3C[C@H]2CN2CCOCC2)n1C,4.4
Cc1c(C(=O)N(c2ccc(O)cc2)c2cnccn2)cc(-c2cc(Cl)ccc2C(=O)N2Cc3ccccc3C[C@H]2CN2CCOCC2)n1C,11.3
COc1ncc(N(C(=O)c2cc(-c3cc(F)c(OC)cc3C(=O)N3Cc4ccccc4C[C@H]3CN3CCOCC3)n(C)c2C)c2ccc(O)cc2)cn1,6.1
COc1cc(C(=O)N2Cc3ccccc3C[C@H]2CN2CCOCC2)c(-c2cc(C(=O)N(c3ccc(O)cc3)c3cc(C#N)n(C)c3C)c(C)n2C)cc1F,2.6
Cc1c(N(C(=O)c2cc(-c3cc(Cl)ccc3C(=O)N3Cc4ccccc4C[C@H]3CN3CCOCC3)n(C)c2C)c2ccccc2)cc(C#N)n1C,3.5
Cc1c(C(=O)N(c2ccc(O)cc2)c2csc(C#N)c2)cc(-c2cc(Cl)ccc2C(=O)N2Cc3ccccc3C[C@H]2CN2CCOCC2)n1C,3
COc1cnc(N(C(=O)c2cc(-c3cc(Cl)ccc3C(=O)N3Cc4ccccc4C[C@H]3CN3CCOCC3)n(C)c2C)c2ccc(O)cc2)cn1,5.5
Cc1c(C(=O)N(c2ccc(O)cc2)c2cnc(F)cn2)cc(-c2cc(Cl)ccc2C(=O)N2Cc3ccccc3C[C@H]2CN2CCOCC2)n1C,7.8
Cc1c(C(=O)N(c2ccc(O)cc2)c2cc(C#N)nn2C)cc(-c2cc(Cl)ccc2C(=O)N2Cc3ccccc3C[C@H]2CN2CCOCC2)n1C,2.7
Cc1c(C(=O)N(c2ccc(O)cc2)c2cnc3c(cnn3C)c2)cc(-c2cc(F)ccc2C(=O)N2Cc3ccccc3C[C@H]2CN2CCOCC2)n1C,2.9
Cc1nn(C)cc1N(C(=O)c1cc(-c2cc(F)ccc2C(=O)N2Cc3ccccc3C[C@H]2CN2CCOCC2)n(C)c1C)c1ccc(O)cc1,8.3
Cc1c(N(C(=O)c2cc(-c3cc(F)ccc3C(=O)N3Cc4ccccc4C[C@H]3CN3CCOCC3)n(C)c2C)c2ccc(O)cc2)cnn1C,6.9
Cc1c(N(C(=O)c2cc(-c3cc(Cl)ccc3C(=O)N3Cc4ccccc4CC3C(F)(F)F)n(C)c2C)c2ccc(O)cc2)cc(C#N)n1C,6.5
Cc1c(C(=O)N(c2ccc(O)cc2)c2cc(C#N)n(CCN3CCOCC3)c2C)cc(-c2cc(Cl)ccc2C(=O)N2Cc3ccccc3C[C@H]2C)n1C,1.9
Cc1c(C(=O)N(c2ccc(O)cc2)c2cnc(OCCN3CCOCC3)nc2)cc(-c2cc(Cl)ccc2C(=O)N2Cc3ccccc3C[C@H]2C)n1C,2.7
Cc1c(N(C(=O)c2cc(-c3cc(Cl)ccc3C(=O)N3Cc4ccccc4C[C@H]3CN3CCOCC3)n(C)c2C)c2ccc(O)cc2)cn(C)c1C#N,10.5
CCn1c(C#N)cc(N(C(=O)c2cc(-c3cc(Cl)ccc3C(=O)N3Cc4ccccc4C[C@H]3CN3CCOCC3)n(C)c2C)c2ccc(O)cc2)c1C,2.5
Cc1c(C(=O)N(c2ccc(O)cc2)c2cnn(C3CCOC3)c2)cc(-c2cc(Cl)ccc2C(=O)N2Cc3ccccc3C[C@H]2CCCN2CCOCC2)n1C,2.8
Cc1c(N(C(=O)c2cc(-c3cc(Cl)ccc3C(=O)N3Cc4ccccc4C[C@H]3CCCN3CCOCC3)n(C)c2C)c2ccccc2)cc(C#N)n1C,3.1
Cc1cc(N(C(=O)c2cc(-c3cc(Cl)ccc3C(=O)N3Cc4ccccc4C[C@H]3CN3CCOCC3)n(C)c2C)c2ccc(O)cc2)no1,13.3
Cc1c(C(=O)N(c2cnc3c(ccn3C)c2)c2ccc(O)cn2)cc(-c2cc(Cl)ccc2C(=O)N2Cc3ccccc3C[C@H]2CN2CCOCC2)n1C,36.6
Cc1c(C(=O)N(c2ccccc2)c2ccc(O)cc2)cc(-c2cc(Cl)ccc2C(=O)N2CCc3ccccc3C2)n1C,19.2
CCCCN(CCCC)C(=O)c1nn(-c2ccc(OCC(=O)OCC)cc2C(=O)N2Cc3ccccc3C[C@H]2CO)c(C)c1Cl,511.89
CCCCN(CCCC)C(=O)c1nn(-c2ccc(OCC(=O)O)cc2C(=O)N2Cc3ccccc3C[C@H]2CO)c(C)c1Cl,150.9
CCCCN(CCCC)C(=O)c1nn(-c2ccc(OCC(=O)Nc3ccccc3)cc2C(=O)N2Cc3ccccc3C[C@H]2CO)c(C)c1Cl,455.26
CCCCN(CCCC)C(=O)c1cc(C)n(-c2cc(OCC(=O)OCC)ccc2C(=O)N2Cc3ccccc3C[C@H]2CO)n1,1265.77
CCCCN(CCCC)C(=O)c1cc(C)n(-c2cc(OCC(=O)O)ccc2C(=O)N2Cc3ccccc3C[C@H]2CO)n1,102.02
CCCCN(CCCC)C(=O)c1cc(C)n(-c2cc(OCC(=O)Nc3ccccc3)ccc2C(=O)N2Cc3ccccc3C[C@H]2CO)n1,2092.72
CCCCN(CCCC)C(=O)c1cc(C)n(-c2cc(OCC(=O)OCc3ccccc3)ccc2C(=O)N2Cc3ccccc3C[C@H]2CO)n1,1539.27
CCCCN(CCCC)C(=O)c1cc(C)n(-c2cc(OCC(=O)Nc3ccccc3F)ccc2C(=O)N2Cc3ccccc3C[C@H]2CO)n1,2943.39
CCCCN(CCCC)C(=O)c1nn(-c2ccc(O)cc2C(=O)N2Cc3ccccc3C[C@H]2CO)c(C)c1Cl,623.56
CCCCN(CCCC)C(=O)c1nn(-c2ccc(OC)cc2C(=O)N2Cc3ccccc3C[C@H]2CO)c(C)c1Cl,1529.09
CCCCN(CCCC)C(=O)c1cc(C)n(-c2cc(O)ccc2C(=O)N2Cc3ccccc3C[C@H]2CO)n1,278.4
CCCCN(CCCC)C(=O)c1cc(C)n(-c2cc(OC)ccc2C(=O)N2Cc3ccccc3C[C@H]2CO)n1,470.04
CCCCN(CCCC)C(=O)c1cc(C)n(-c2ccc(NS(=O)(=O)c3ccccc3)cc2C(=O)N2Cc3ccccc3C[C@H]2CO)n1,692.43
CCCCN(CCCC)C(=O)c1cc(C)n(-c2ccc(NS(C)(=O)=O)cc2C(=O)N2Cc3ccccc3C[C@H]2CO)n1,377.2
CCCCN(CCCC)C(=O)c1cc(C)n(-c2ccc(NS(=O)(=O)C(C)C)cc2C(=O)N2Cc3ccccc3C[C@H]2CO)n1,126.56
CCCCN(CCCC)C(=O)c1cc(C)n(-c2ccc(N[S+]([O-])c3cc([S+]([O-])c4ccccc4)cs3)cc2C(=O)N2Cc3ccccc3C[C@H]2CO)n1,799.39
CCCCN(CCCC)C(=O)c1cc(C)n(-c2ccc(N[S+]([O-])c3ccc(C(C)=O)cc3)cc2C(=O)N2Cc3ccccc3C[C@H]2CO)n1,609.25
CCCCN(CCCC)C(=O)c1cc(C)n(-c2ccc(N[S+]([O-])c3sc(Cl)cc3Br)cc2C(=O)N2Cc3ccccc3C[C@H]2CO)n1,562.77
CCCCN(CCCC)C(=O)c1cc(C)n(-c2ccc(N[S+]([O-])c3ccc(Br)c(Br)c3)cc2C(=O)N2Cc3ccccc3C[C@H]2CO)n1,638.23
CCCCN(CCCC)C(=O)c1cc(C)n(-c2ccc(N[S+]([O-])c3c(-c4ccccc4)noc3C)cc2C(=O)N2Cc3ccccc3C[C@H]2CO)n1,835.86
CCCCN(CCCC)C(=O)c1cc(C)n(-c2ccc(N[S+]([O-])c3ccc(-c4ccc(Cl)cc4)cc3)cc2C(=O)N2Cc3ccccc3C[C@H]2CO)n1,16000
CCCCN(CCCC)C(=O)c1cc(C)n(-c2ccc(N[S+]([O-])c3ccc(Oc4ccccc4C)cc3)cc2C(=O)N2Cc3ccccc3C[C@H]2CO)n1,16000
CCCCN(CCCC)C(=O)c1cc(C)n(-c2ccc(N[S+]([O-])CCN3C(=O)c4ccccc4C3=O)cc2C(=O)N2Cc3ccccc3C[C@H]2CO)n1,296.11
CCCCN(CCCC)C(=O)c1cc(C)n(-c2ccc(N[S+]([O-])c3cccc(Oc4ccc(C)cc4)c3)cc2C(=O)N2Cc3ccccc3C[C@H]2CO)n1,6630.34
CCCCN(CCCC)C(=O)c1cc(C)n(-c2ccc(N[S+]([O-])c3ccc(-c4cc(Cl)cc(Cl)c4)cc3)cc2C(=O)N2Cc3ccccc3C[C@H]2CO)n1,7278.41
CCCCN(CCCC)C(=O)c1cc(C)n(-c2ccc(N[S+]([O-])c3ccccc3Cl)cc2C(=O)N2Cc3ccccc3C[C@H]2CO)n1,714.5
CCCCN(CCCC)C(=O)c1cc(C)n(-c2ccc(N[S+]([O-])c3ccc(Br)cc3CC)cc2C(=O)N2Cc3ccccc3C[C@H]2CO)n1,2174.8
CCCCN(CCCC)C(=O)c1cc(C)n(-c2ccc(N[S+]([O-])c3cn(C)cn3)cc2C(=O)N2Cc3ccccc3C[C@H]2CO)n1,639.96
CCCCN(CCCC)C(=O)c1cc(C)n(-c2ccc(N[S+]([O-])c3cc(Cl)ccc3F)cc2C(=O)N2Cc3ccccc3C[C@H]2CO)n1,957.15
CCCCN(CCCC)C(=O)c1cc(C)n(-c2ccc(N[S+]([O-])c3ccc(C(=O)OC)o3)cc2C(=O)N2Cc3ccccc3C[C@H]2CO)n1,584.68
CCCCN(CCCC)C(=O)c1cc(C)n(-c2ccc(N[S+]([O-])c3ccc(-c4ccn(C)n4)cc3)cc2C(=O)N2Cc3ccccc3C[C@H]2CO)n1,855.19
CCCCN(CCCC)C(=O)c1cc(C)n(-c2ccc(N[S+]([O-])c3cccc4ccn(C)c34)cc2C(=O)N2Cc3ccccc3C[C@H]2CO)n1,1356.79
CCCCN(CCCC)C(=O)c1cc(C)n(-c2ccc(N[S+]([O-])Cc3ccc(Cl)c(Cl)c3)cc2C(=O)N2Cc3ccccc3C[C@H]2CO)n1,1653.19
CCCCN(CCCC)C(=O)c1cc(C)n(-c2ccc(N[S+]([O-])N(C)C)cc2C(=O)N2Cc3ccccc3C[C@H]2CO)n1,2387.99
CCCCN(CCCC)C(=O)c1cc(C)n(-c2ccc(N[S+]([O-])c3c(C)nn(C)c3C)cc2C(=O)N2Cc3ccccc3C[C@H]2CO)n1,651.76
CCCCN(CCCC)C(=O)c1cc(C)n(-c2ccc(N[S+]([O-])c3ccc(NC(C)=O)c(Cl)c3)cc2C(=O)N2Cc3ccccc3C[C@H]2CO)n1,427.08
CCCCN(CCCC)C(=O)c1cc(C)n(-c2ccc(N[S+]([O-])c3cccc(Cl)c3Cl)cc2C(=O)N2Cc3ccccc3C[C@H]2CO)n1,493.55
CCCCN(CCCC)C(=O)c1cc(C)n(-c2ccc(N[S+]([O-])c3ccccc3F)cc2C(=O)N2Cc3ccccc3C[C@H]2CO)n1,454.15
CCCCN(CCCC)C(=O)c1cc(C)n(-c2ccc(N[S+]([O-])c3ccccc3C(=O)OC)cc2C(=O)N2Cc3ccccc3C[C@H]2CO)n1,447.69
CCCCN(CCCC)C(=O)c1cc(C)n(-c2ccc(N[S+]([O-])CCc3cccc4ccccc34)cc2C(=O)N2Cc3ccccc3C[C@H]2CO)n1,709.36
CCCCN(CCCC)C(=O)c1cc(C)n(-c2ccc(N[S+]([O-])c3ccc(CNC(=O)c4ccc(Cl)cc4)s3)cc2C(=O)N2Cc3ccccc3C[C@H]2CO)n1,2626.68
CCCCN(CCCC)C(=O)c1cc(C)n(-c2ccc(N[S+]([O-])c3ccc(Oc4ccc(F)cc4)cc3)cc2C(=O)N2Cc3ccccc3C[C@H]2CO)n1,5412.52
CCCCN(CCCC)C(=O)c1cc(C)n(-c2ccc(N[S+]([O-])c3ccc4c(c3)OCCO4)cc2C(=O)N2Cc3ccccc3C[C@H]2CO)n1,631.49
CCCCN(CCCC)C(=O)c1cc(C)n(-c2ccc(N[S+]([O-])c3cccc(-c4ccn(C)n4)c3)cc2C(=O)N2Cc3ccccc3C[C@H]2CO)n1,5299.7
CCCCN(CCCC)C(=O)c1cc(C)n(-c2ccc(N[S+]([O-])c3ccc(-c4noc(C)n4)cc3)cc2C(=O)N2Cc3ccccc3C[C@H]2CO)n1,843.13
CCCCN(CCCC)C(=O)c1cc(C)n(-c2ccc(N[S+]([O-])c3cccc4nonc34)cc2C(=O)N2Cc3ccccc3C[C@H]2CO)n1,271.77
CCCCN(CCCC)C(=O)c1cc(C)n(-c2ccc(N[S+]([O-])c3sc4ccc(F)cc4c3C)cc2C(=O)N2Cc3ccccc3C[C@H]2CO)n1,1076.21
CCCCN(CCCC)C(=O)c1cc(C)n(-c2ccc(N[S+]([O-])c3ccc(Oc4ccc(C)cc4)cc3)cc2C(=O)N2Cc3ccccc3C[C@H]2CO)n1,16000
CCCCN(CCCC)C(=O)c1cc(C)n(-c2ccc(N[S+]([O-])c3cc(F)c(Br)cc3F)cc2C(=O)N2Cc3ccccc3C[C@H]2CO)n1,268.82
CCCCN(CCCC)C(=O)c1cc(C)n(-c2ccc(N[S+]([O-])c3scc(C(=O)OC)c3OC)cc2C(=O)N2Cc3ccccc3C[C@H]2CO)n1,632.21
CCCCN(CCCC)C(=O)c1cc(C)n(-c2ccc(N[S+]([O-])c3cccc(C#N)c3)cc2C(=O)N2Cc3ccccc3C[C@H]2CO)n1,672.58
CCCCN(CCCC)C(=O)c1cc(C)n(-c2ccc(N[S+]([O-])c3cc(N)ccc3C)cc2C(=O)N2Cc3ccccc3C[C@H]2CO)n1,660.5
CCCCN(CCCC)C(=O)c1cc(C)n(-c2ccc(N[S+]([O-])c3ccccc3N)cc2C(=O)N2Cc3ccccc3C[C@H]2CO)n1,270.38
CCCCN(CCCC)C(=O)c1cc(C)n(-c2ccc(N[S+]([O-])C[C@]34CC[C@H](CC3=O)C4(C)C)cc2C(=O)N2Cc3ccccc3C[C@H]2CO)n1,806.98
CCCCN(CCCC)C(=O)c1cc(C)n(-c2ccc(N[S+]([O-])c3ccc(-c4cnco4)cc3)cc2C(=O)N2Cc3ccccc3C[C@H]2CO)n1,884.62
CCCCN(CCCC)C(=O)c1cc(C)n(-c2ccc(N[S+]([O-])c3ccsc3C(=O)OC)cc2C(=O)N2Cc3ccccc3C[C@H]2CO)n1,479.98
CCCCN(CCCC)C(=O)c1cc(C)n(-c2ccc(N[S+]([O-])Cc3ccccc3)cc2C(=O)N2Cc3ccccc3C[C@H]2CO)n1,666.03
O=C(NS(=O)(=O)c1ccc(N[C@H](CCN2CCN(CCO)CC2)CSc2ccccc2)c(S(=O)(=O)C(F)(F)F)c1)c1ccc(N2CCC([C@@H](O)c3ccccc3-c3ccc(Cl)cc3)CC2)cc1,1
CN(C)CC[C@H](CSc1ccccc1)Nc1ccc(S(=O)(=O)NC(=O)c2ccc(N3CCC([C@@H](O)c4ccccc4-c4ccc(Cl)cc4)CC3)cc2)cc1[N+](=O)[O-],0.3
CN(CCO)CC[C@H](CSc1ccccc1)Nc1ccc(S(=O)(=O)NC(=O)c2ccc(N3CCC([C@@H](O)c4ccccc4-c4ccc(Cl)cc4)CC3)cc2)cc1S(=O)(=O)C(F)(F)F,0.3
CCN(CCO)CC[C@H](CSc1ccccc1)Nc1ccc(S(=O)(=O)NC(=O)c2ccc(N3CCC([C@@H](O)c4ccccc4-c4ccc(Cl)cc4)CC3)cc2)cc1S(=O)(=O)C(F)(F)F,0.5
O=C(NS(=O)(=O)c1ccc(N[C@H](CCN(CCO)CCO)CSc2ccccc2)c(S(=O)(=O)C(F)(F)F)c1)c1ccc(N2CCC([C@@H](O)c3ccccc3-c3ccc(Cl)cc3)CC2)cc1,0.8
O=C(NS(=O)(=O)c1ccc(N[C@H](CCN2CCN(C[C@H](O)CF)CC2)CSc2ccccc2)c(S(=O)(=O)C(F)(F)F)c1)c1ccc(N2CCC([C@@H](O)c3ccccc3-c3ccc(Cl)cc3)CC2)cc1,1
O=C(NS(=O)(=O)c1ccc(N[C@H](CCN(CCOP(=O)(O)O)CCOP(=O)(O)O)CSc2ccccc2)c(S(=O)(=O)C(F)(F)F)c1)c1ccc(N2CCC([C@@H](O)c3ccccc3-c3ccc(Cl)cc3)CC2)cc1,2
CCN(CCOP(=O)(O)O)CC[C@H](CSc1ccccc1)Nc1ccc(S(=O)(=O)NC(=O)c2ccc(N3CCC([C@@H](O)c4ccccc4-c4ccc(Cl)cc4)CC3)cc2)cc1S(=O)(=O)C(F)(F)F,0.9
CN(CCOP(=O)(O)O)CC[C@H](CSc1ccccc1)Nc1ccc(S(=O)(=O)NC(=O)c2ccc(N3CCC([C@@H](O)c4ccccc4-c4ccc(Cl)cc4)CC3)cc2)cc1S(=O)(=O)C(F)(F)F,0.9
O=C(NS(=O)(=O)c1ccc(N[C@H](CCN2CCN(CCOP(=O)(O)O)CC2)CSc2ccccc2)c(S(=O)(=O)C(F)(F)F)c1)c1ccc(N2CCC([C@@H](O)c3ccccc3-c3ccc(Cl)cc3)CC2)cc1,0.7
CN(CCO)CC[C@H](CSc1ccccc1)Nc1ccc(S(=O)(=O)NC(=O)c2ccc(N3CCC([C@@H](N)c4ccccc4-c4ccc(Cl)cc4)CC3)cc2)cc1S(=O)(=O)C(F)(F)F,4
CCN(CCO)CC[C@H](CSc1ccccc1)Nc1ccc(S(=O)(=O)NC(=O)c2ccc(N3CCC([C@@H](N)c4ccccc4-c4ccc(Cl)cc4)CC3)cc2)cc1S(=O)(=O)C(F)(F)F,3
N[C@@H](c1ccccc1-c1ccc(Cl)cc1)C1CCN(c2ccc(C(=O)NS(=O)(=O)c3ccc(N[C@H](CCN4CCN(CCO)CC4)CSc4ccccc4)c(S(=O)(=O)C(F)(F)F)c3)cc2)CC1,16
O=C(NS(=O)(=O)c1ccc(N[C@H](CCN2CCOCC2)CSc2ccccc2)c(S(=O)(=O)C(F)(F)F)c1)c1ccc(N2CCC([C@H](O)c3ccccc3-c3ccc(Cl)cc3)CC2)cc1,253
O=C(NS(=O)(=O)c1ccc(N[C@H](CCN2CCOCC2)CSc2ccccc2)c(S(=O)(=O)C(F)(F)F)c1)c1ccc(N2CCC([C@@H](O)c3ccccc3-c3ccc(Cl)cc3)CC2)cc1,3
O=C(NS(=O)(=O)c1ccc(N[C@H](CCN2CCOCC2)CSc2ccccc2)c([N+](=O)[O-])c1)c1ccc(N2CCC([C@@H](O)c3ccccc3-c3ccc(Cl)cc3)CC2)cc1,0.8
N#C[C@@H](c1ccccc1-c1ccc(Cl)cc1)C1CCN(c2ccc(C(=O)NS(=O)(=O)c3ccc(N[C@H](CCN4CCOCC4)CSc4ccccc4)c(S(=O)(=O)C(F)(F)F)c3)cc2)CC1,2
N#C[C@H](c1ccccc1-c1ccc(Cl)cc1)C1CCN(c2ccc(C(=O)NS(=O)(=O)c3ccc(N[C@H](CCN4CCOCC4)CSc4ccccc4)c(S(=O)(=O)C(F)(F)F)c3)cc2)CC1,1195
CN(C)C[C@H]1COCCN1CC[C@H](CSc1ccccc1)Nc1ccc(S(=O)(=O)NC(=O)c2ccc(N3CCC([C@@H](O)c4ccccc4-c4ccc(Cl)cc4)CC3)cc2)cc1S(=O)(=O)C(F)(F)F,0.3
CCNC[C@@H]1COCCN1CC[C@H](CSc1ccccc1)Nc1ccc(S(=O)(=O)NC(=O)c2ccc(N3CCC([C@@H](O)c4ccccc4-c4ccc(Cl)cc4)CC3)cc2)cc1S(=O)(=O)C(F)(F)F,0.3
O=C(NS(=O)(=O)c1ccc(N[C@H](CCN2CCO[C@@H](CO)C2)CSc2ccccc2)c(S(=O)(=O)C(F)(F)F)c1)c1ccc(N2CCC([C@@H](O)c3ccccc3-c3ccc(Cl)cc3)CC2)cc1,0.6
O=C(NS(=O)(=O)c1ccc(N[C@H](CCN2CCO[C@H](CO)C2)CSc2ccccc2)c(S(=O)(=O)C(F)(F)F)c1)c1ccc(N2CCC([C@@H](O)c3ccccc3-c3ccc(Cl)cc3)CC2)cc1,1
O=C(NS(=O)(=O)c1ccc(N[C@H](CCN2CCOC[C@H]2CO)CSc2ccccc2)c(S(=O)(=O)C(F)(F)F)c1)c1ccc(N2CCC([C@@H](O)c3ccccc3-c3ccc(Cl)cc3)CC2)cc1,0.4
O=C(NS(=O)(=O)c1ccc(N[C@H](CCN2CCOC[C@@H]2CO)CSc2ccccc2)c(S(=O)(=O)C(F)(F)F)c1)c1ccc(N2CCC([C@@H](O)c3ccccc3-c3ccc(Cl)cc3)CC2)cc1,0.4
CCN(CC)CC1CN(CC[C@H](CSc2ccccc2)Nc2ccc(S(=O)(=O)NC(=O)c3ccc(N4CCC([C@@H](O)c5ccccc5-c5ccc(Cl)cc5)CC4)cc3)cc2S(=O)(=O)C(F)(F)F)CCO1,0.4
CC(C)(C)OP(=O)(O)OCO[C@@H](c1ccccc1-c1ccc(Cl)cc1)C1CCN(c2ccc(C(=O)NS(=O)(=O)c3ccc(N[C@H](CCN4CCOCC4)CSc4ccccc4)c(S(=O)(=O)C(F)(F)F)c3)cc2)CC1,4
CCOP(=O)(OCC)O[C@@H](c1ccccc1-c1ccc(Cl)cc1)C1CCN(c2ccc(C(=O)NS(=O)(=O)c3ccc(N[C@H](CCN4CCOCC4)CSc4ccccc4)c(S(=O)(=O)C(F)(F)F)c3)cc2)CC1,30
COP(=O)(O)O[C@@H](c1ccccc1-c1ccc(Cl)cc1)C1CCN(c2ccc(C(=O)NS(=O)(=O)c3ccc(N[C@H](CCN4CCOCC4)CSc4ccccc4)c(S(=O)(=O)C(F)(F)F)c3)cc2)CC1,1
N[C@@H](c1ccccc1-c1ccc(Cl)cc1)C1CCN(c2ccc(C(=O)NS(=O)(=O)c3ccc(N[C@H](CCN4CCOCC4)CSc4ccccc4)c(S(=O)(=O)C(F)(F)F)c3)cc2)CC1,30
CNCC(=O)N[C@@H](c1ccccc1-c1ccc(Cl)cc1)C1CCN(c2ccc(C(=O)NS(=O)(=O)c3ccc(N[C@H](CCN4CCOCC4)CSc4ccccc4)c(S(=O)(=O)C(F)(F)F)c3)cc2)CC1,27
NCC(=O)N[C@@H](c1ccccc1-c1ccc(Cl)cc1)C1CCN(c2ccc(C(=O)NS(=O)(=O)c3ccc(N[C@H](CCN4CCOCC4)CSc4ccccc4)c(S(=O)(=O)C(F)(F)F)c3)cc2)CC1,38
CN(C)[C@@H](c1ccccc1-c1ccc(Cl)cc1)C1CCN(c2ccc(C(=O)NS(=O)(=O)c3ccc(N[C@H](CCN4CCOCC4)CSc4ccccc4)c(S(=O)(=O)C(F)(F)F)c3)cc2)CC1,24
CCCCN(CCCC)C(=O)c1nn(-c2ccc(C(=O)NS(=O)(=O)c3ccc4c(Cl)cccc4c3)cc2C(=O)N2CCc3ccccc3C2)c(C)c1Cl,200
CCCCN(CCCC)C(=O)c1nn(-c2ccc(C(=O)NS(=O)(=O)c3ccc4cccc(Cl)c4c3)cc2C(=O)N2CCc3ccccc3C2)c(C)c1Cl,30
CCCCN(CCCC)C(=O)c1nn(-c2ccc(C(=O)NS(=O)(=O)c3ccc4cccc(C#N)c4c3)cc2C(=O)N2CCc3ccccc3C2)c(C)c1Cl,920
CCCCN(CCCC)C(=O)c1nn(-c2ccc(C(=O)NS(=O)(=O)c3ccc4ccc(Cl)cc4c3)cc2C(=O)N2CCc3ccccc3C2)c(C)c1Cl,90
CCCCN(CCCC)C(=O)c1nn(-c2ccc(C(=O)NS(=O)(=O)c3ccc4ccc(OCc5ccccc5)cc4c3)cc2C(=O)N2CCc3ccccc3C2)c(C)c1Cl,10
CCCCN(CCCC)C(=O)c1nn(-c2ccc(C(=O)NS(=O)(=O)c3ccc4ccc(OC(C)C)cc4c3)cc2C(=O)N2CCc3ccccc3C2)c(C)c1Cl,50
CCCCN(CCCC)C(=O)c1nn(-c2ccc(C(=O)NS(=O)(=O)c3ccc4c(N(C)C)ccc(Br)c4c3)cc2C(=O)N2CCc3ccccc3C2)c(C)c1Cl,30
CCCCN(CCCC)C(=O)c1nn(-c2ccc(C(=O)NS(=O)(=O)c3ccc4cccc(OCCCN5CCOCC5)c4c3)cc2C(=O)N2CCc3ccccc3C2)c(C)c1Cl,290
CCCCN(CCCC)C(=O)c1nn(-c2ccc(C(=O)NS(=O)(=O)c3ccc4ccc(OCCCN5CCOCC5)cc4c3)cc2C(=O)N2CCc3ccccc3C2)c(C)c1Cl,290
CCCCN(CCCC)C(=O)c1nn(-c2ccc(C(=O)NS(=O)(=O)c3ccc4ccc(OCCCN5CCN(C)CC5)cc4c3)cc2C(=O)N2CCc3ccccc3C2)c(C)c1Cl,510
CCCCN(CCCC)C(=O)c1nn(-c2ccc(C(=O)NS(=O)(=O)c3ccc4ccc(OC(C)CN(C)C)cc4c3)cc2C(=O)N2CCc3ccccc3C2)c(C)c1Cl,490
CCCCN(CCCC)C(=O)c1nn(-c2ccc(CNS(=O)(=O)c3ccc4ccc(OCCC5CCCN5C)cc4c3)cc2C(=O)N2CCc3ccccc3C2)c(C)c1Cl,860
CCCCN(CCCC)C(=O)c1nn(-c2ccc(C(=O)NS(=O)(=O)c3ccc4ccc(OCCCN(C)C)cc4c3)cc2C(=O)N2CCc3ccccc3C2)c(C)c1Cl,1460
CCCCN(CCCC)C(=O)c1nn(-c2ccc(C(=O)NS(=O)(=O)c3ccc4ccc(OCCCN5CCCC5)cc4c3)cc2C(=O)N2CCc3ccccc3C2)c(C)c1Cl,3780
CCCCN(CCCC)C(=O)c1nn(-c2ccc(C(=O)NS(=O)(=O)c3ccc4c(Cl)ccc(Br)c4c3)cc2C(=O)N2CCc3ccccc3C2)c(C)c1Cl,3.93
CCCCN(CCCC)C(=O)c1nn(-c2ccc(C(=O)NS(=O)(=O)c3ccc4c(Cl)ccc(Cl)c4c3)cc2C(=O)N2CCc3ccccc3C2)c(C)c1Cl,7.25
CCCCN(CCCC)C(=O)c1nn(-c2ccc(C(=O)NS(=O)(=O)c3ccc4ccc(C(=O)N5CCN(C)CC5)cc4c3)cc2C(=O)N2CCc3ccccc3C2)c(C)c1Cl,90
CCCCN(CCCC)C(=O)c1nn(-c2ccc(C(=O)NS(=O)(=O)c3ccc4ccc(C(=O)N(C)C)cc4c3)cc2C(=O)N2CCc3ccccc3C2)c(C)c1Cl,150
CCCCN(CCCC)C(=O)c1nn(-c2ccc(C(=O)NS(=O)(=O)c3ccc4c(c3)CCN4C(=O)C3CCCCC3)cc2C(=O)N2CCc3ccccc3C2)c(C)c1Cl,250
CCCCN(CCCC)C(=O)c1nn(-c2ccc(C(=O)NS(=O)(=O)c3ccc4c(c3)CCN4C(=O)Cc3ccc(Cl)c(Cl)c3)cc2C(=O)N2CCc3ccccc3C2)c(C)c1Cl,200
CCCCN(CCCC)C(=O)c1nn(-c2ccc(C(=O)NS(=O)(=O)c3ccc4c(c3)CCN4CCSc3ccccc3)cc2C(=O)N2CCc3ccccc3C2)c(C)c1Cl,50
CCCCN(CCCC)C(=O)c1nn(-c2ccc(C(=O)NS(=O)(=O)c3ccc4c(ccn4Cc4ccc(Cl)c(Cl)c4)c3)cc2C(=O)N2CCc3ccccc3C2)c(C)c1Cl,50
CCCCN(CCCC)C(=O)c1nn(-c2ccc(C(=O)NS(=O)(=O)c3ccc4c(c3)CCN4C(=O)N3CCOCC3)cc2C(=O)N2CCc3ccccc3C2)c(C)c1Cl,340
CCCCN(CCCC)C(=O)c1nn(-c2ccc(C(=O)NS(=O)(=O)c3ccc4c(ccn4CCCN4CCOCC4)c3)cc2C(=O)N2CCc3ccccc3C2)c(C)c1Cl,390
CCCCN(CCCC)C(=O)c1nn(-c2ccc(C(=O)NS(=O)(=O)c3ccc4c(c3)c(Cl)cn4CC)cc2C(=O)N2CCc3ccccc3C2)c(C)c1Cl,20
CCCCN(CCCC)C(=O)c1nn(-c2ccc(C(=O)NS(=O)(=O)c3ccc4c(c3)c(I)cn4CC)cc2C(=O)N2CCc3ccccc3C2)c(C)c1Cl,7.69
CCCCN(CCCC)C(=O)c1nn(-c2ccc(C(=O)NS(=O)(=O)c3cc(Br)c4c(c3)c(Br)cn4CC)cc2C(=O)N2CCc3ccccc3C2)c(C)c1Cl,4.19
CCCCN(CCCC)C(=O)c1nn(-c2ccc(C(=O)NS(=O)(=O)c3ccc4ccccc4c3)cc2C(=O)N2Cc3ccccc3C[C@@H]2C(=O)O)c(C)c1Cl,1650
CCCCN(CCCC)C(=O)c1nn(-c2ccc(C(=O)NS(=O)(=O)c3ccc4ccccc4c3)cc2C(=O)N2CCc3ccc(C(=O)O)cc3C2)c(C)c1Cl,4710
CCCCN(CCCC)C(=O)c1nn(-c2ccc(C(=O)NS(=O)(=O)c3ccc4ccccc4c3)cc2C(=O)N2Cc3ccccc3S(=O)(=O)C2)c(C)c1Cl,440
CCCCN(CCCC)C(=O)c1nn(-c2ccc(C(=O)NS(=O)(=O)c3ccc4ccccc4c3)cc2C(=O)N2Cc3ccccc3C[C@H]2CNC2CCN(C)CC2)c(C)c1Cl,20
CCCCN(CCCC)C(=O)c1nn(-c2ccc(C(=O)NS(=O)(=O)c3ccc4ccccc4c3)cc2C(=O)N2Cc3ccccc3C[C@H]2CN2CCN(CCO)CC2)c(C)c1Cl,90
CCCCN(CCCC)C(=O)c1nn(-c2ccc(C(=O)NS(=O)(=O)c3ccc4ccccc4c3)cc2C(=O)N2Cc3ccccc3C[C@H]2COCCO)c(C)c1Cl,50
CCCCN(CCc1ccc(Cl)c(Cl)c1)C(=O)c1nn(-c2ccc(C(=O)NS(=O)(=O)c3ccc4ccccc4c3)cc2C(=O)N2CCc3ccccc3C2)c(C)c1Cl,30
CCCCN(CCCC(F)(F)F)C(=O)c1nn(-c2ccc(C(=O)NS(=O)(=O)c3ccc4ccccc4c3)cc2C(=O)N2CCc3ccccc3C2)c(C)c1Cl,110
Cc1c(Cl)c(C(=O)N(CCC(F)(F)F)CCC(F)(F)F)nn1-c1ccc(C(=O)NS(=O)(=O)c2ccc3ccccc3c2)cc1C(=O)N1CCc2ccccc2C1,80
CCCCN(C(=O)c1nn(-c2ccc(C(=O)NS(=O)(=O)c3ccc4ccccc4c3)cc2C(=O)N2CCc3ccccc3C2)c(C)c1Cl)c1ccc2c(c1)OCCO2,70
CCCCN(C(=O)c1nn(-c2ccc(C(=O)NS(=O)(=O)c3ccc4ccccc4c3)cc2C(=O)N2CCc3ccccc3C2)c(C)c1Cl)c1cccc(-c2cccc(Cl)c2)c1,50
CCCCN(C(=O)c1nn(-c2ccc(C(=O)NS(=O)(=O)c3ccc4ccccc4c3)cc2C(=O)N2CCc3ccccc3C2)c(C)c1Cl)c1ccc(C(=O)OC)cc1,90
CCCCN(CCC(=O)NCCN1CCN(C)CC1)C(=O)c1nn(-c2ccc(C(=O)NS(=O)(=O)c3ccc4ccccc4c3)cc2C(=O)N2CCc3ccccc3C2)c(C)c1Cl,70
CCCCN(CCCC)C(=O)c1nn(-c2ccc(C(=O)NS(=O)(=O)c3ccc4ccccc4c3)cc2C(=O)N2CCc3ccccc3C2)cc1C,230
CCCCN(Cc1ccc(Cl)c(Cl)c1)C(=O)c1nn(-c2ccc(C(=O)NS(=O)(=O)c3ccc4ccc(I)cc4c3)cc2C(=O)N2CCc3ccccc3C2)c(C)c1Cl,20
CCCCN(Cc1ccc(Cl)c(Cl)c1)C(=O)c1nn(-c2ccc(C(=O)NS(=O)(=O)c3ccc4cccc(Cl)c4c3)cc2C(=O)N2Cc3ccccc3C[C@H]2CO)c(C)c1Cl,8.49
CCCCN(CCCC)C(=O)c1nn(-c2ccc(C(=O)NS(=O)(=O)c3ccc4c(c3)CCN4Cc3ccc(Cl)c(Cl)c3)cc2C(=O)N2Cc3ccccc3C[C@H]2CO)c(C)c1Cl,10
CCCCN(CCCC)c1nn(-c2ccc(C(=O)NS(=O)(=O)c3ccc4ccccc4c3)cc2C(=O)N2CCc3ccccc3C2)c(C)c1Cl,260
CCCN(CCC)c1nn(-c2ccc(C(=O)NS(=O)(=O)c3ccc4ccccc4c3)cc2C(=O)N2Cc3ccccc3C[C@H]2CO)c(C)c1Cl,60
CCCN(CCC)c1nn(-c2ccc(C(=O)NS(=O)(=O)c3ccc4cccc(Cl)c4c3)cc2C(=O)N2Cc3ccccc3C[C@H]2CO)c(C(F)(F)F)c1Cl,30
CCCN(CCC)c1nn(-c2ccc(C(=O)NS(=O)(=O)c3ccc4cccc(Cl)c4c3)cc2C(=O)N2CCc3ccccc3C2)c(C(F)(F)F)c1Cl,40
CCCCN(CCCC)C(=O)c1nn(-c2ccc(C(=O)NS(=O)(=O)c3ccc4c(ccn4Cc4ccc(Cl)c(Cl)c4)c3)cc2C(=O)N2Cc3ccccc3C[C@H]2CO)c(C)c1Cl,8.85
CCCCN(CCC(=O)NCCN1CCN(C)CC1)C(=O)c1nn(-c2ccc(C(=O)NS(=O)(=O)c3ccc4c(c3)CCN4Cc3ccc(Cl)c(Cl)c3)cc2C(=O)N2CCc3ccccc3C2)c(C)c1Cl,1010
CCCCN(CCCC)C(=O)c1nn(-c2ccc(C(=O)NS(=O)(=O)c3ccc4cccc(Cl)c4c3)cc2C(=O)N2Cc3ccccc3C[C@H]2CN)c(C)c1Cl,10
CCCCN(CCCC)C(=O)c1nn(-c2ccc(C(=O)NS(=O)(=O)c3cc(Br)c4c(c3)CCN4CC)cc2C(=O)N2Cc3ccccc3C[C@H]2CO)c(C)c1Cl,9.15
CCCN(CCC)c1nn(-c2ccc(C(=O)NS(=O)(=O)c3ccc4c(Cl)ccc(Br)c4c3)cc2C(=O)N2Cc3ccccc3C[C@H]2CO)c(C)c1Cl,7.84
CCCCN(CCCC)C(=O)c1nn(-c2ccc(C(=O)NS(=O)(=O)c3cc(Br)c4c(ccn4CC)c3)cc2C(=O)N2Cc3ccccc3C[C@H]2CO)c(C)c1Cl,3.59
CCCCN(Cc1ccc(-c2ccc(CC(=O)O)cc2)cc1)C(=O)c1nn(-c2ccc(C(=O)NS(=O)(=O)c3ccc4c(c3)CCN4Cc3ccc(Cl)c(Cl)c3)cc2C(=O)N2CCc3ccccc3C2)c(C)c1Cl,10
Cc1c(Cl)c(C(=O)NCc2ccc(-c3ccc(CC(=O)O)cc3)cc2)nn1-c1ccc(C(=O)NS(=O)(=O)c2ccc3c(c2)CCN3Cc2ccc(Cl)c(Cl)c2)cc1C(=O)N1CCc2ccccc2C1,50
CCCCN(C(=O)c1nn(-c2ccc(C(=O)NS(=O)(=O)c3ccc4c(Cl)ccc(Br)c4c3)cc2C(=O)N2CCc3ccccc3C2)c(C)c1Cl)c1cccc(-c2ccc(Cl)cc2)c1,10
CCCCN(C(=O)c1nn(-c2ccc(C(=O)NS(=O)(=O)c3ccc4c(Cl)ccc(Cl)c4c3)cc2C(=O)N2CCc3ccccc3C2)c(C)c1Cl)c1cccc(-c2ccc(Cl)cc2)c1,40
CCCCN(C(=O)c1nn(-c2ccc(C(=O)NS(=O)(=O)c3ccc4c(Cl)ccc(Cl)c4c3)cc2C(=O)N2CCc3ccccc3C2)c(C)c1Cl)c1cccc(-c2cccc(Cl)c2)c1,70
CCCCc1c(-c2ccc(C(=O)NS(=O)(=O)c3ccc4ccccc4c3)cc2C(=O)N2CCc3ccccc3C2)c(C(=O)OCC)nn1-c1ccc(Oc2cccc(Cl)c2)cc1,20
CCCCc1c(-c2ccc(C(=O)NS(=O)(=O)CC[Si](C)(C)C)cc2C(=O)N2CCc3ccccc3C2)c(C(=O)OCC)nn1-c1ccccc1,580
CCCCc1c(-c2ccc(C(=O)NS(=O)(=O)c3ccc4c(Cl)ccc(Br)c4c3)cc2C(=O)N2CCc3ccccc3C2)c(C(=O)OCC)nn1-c1ccc(Oc2cccc(Cl)c2)cc1,20
CCCCc1c(-c2ccc(C(=O)NS(=O)(=O)c3ccc4ccccc4c3)cc2C(=O)N2CCc3ccccc3C2)c(CO)nn1-c1ccc(OCC(O)CO)cc1,8.13
CCCCN(CCCC)C(=O)c1cn(C)c(-c2ccc(C(=O)NS(=O)(=O)c3ccc4ccccc4c3)cc2C(=O)N2CCc3ccccc3C2)n1,110
CCCCN(CCCC)C(=O)c1cn(CC(=O)NC)c(-c2ccc(C(=O)NS(=O)(=O)c3ccc4ccccc4c3)cc2C(=O)N2CCc3ccccc3C2)n1,430
CCCCN(CCCC)C(=O)c1cn(CCCN(C)C)c(-c2ccc(C(=O)NS(=O)(=O)c3ccc4ccccc4c3)cc2C(=O)N2CCc3ccccc3C2)n1,200
CCCCN(CCCC)C(=O)c1cn(CC(=O)O)c(-c2ccc(C(=O)NS(=O)(=O)c3cccc4ccccc34)cc2C(=O)N2CCc3ccccc3C2)n1,140
CCCCN(CCCC)C(=O)c1cn(CCN2CCOCC2)c(-c2ccc(C(=O)NS(=O)(=O)c3ccc4ccccc4c3)cc2C(=O)N2Cc3ccccc3C[C@H]2CO)n1,120
CCCCN(CCCC)C(=O)c1cn(C)c(-c2ccc(C(=O)NS(=O)(=O)c3ccc4cccc(I)c4c3)cc2C(=O)N2Cc3ccccc3C[C@H]2CN)n1,6.97
CCCCN(CCCC)C(=O)c1cccc(-c2ccc(C(=O)NS(=O)(=O)c3ccc4ccccc4c3)cc2C(=O)N2CCc3ccccc3C2)n1,600
CCCCN(CCCC)c1ccc(Br)c(-c2ccc(C(=O)NS(=O)(=O)c3ccc4cccc(Cl)c4c3)cc2C(=O)N2CCc3ccccc3C2)n1,10
CCCCN(CCCC)c1ncc(Cl)c(-c2ccc(C(=O)NS(=O)(=O)c3ccc4ccccc4c3)cc2C(=O)N2Cc3ccccc3C[C@H]2CO)n1,60
CCCCN(Cc1ccc(Cl)c(Cl)c1)c1ncc(Cl)c(-c2ccc(C(=O)NS(=O)(=O)c3ccc4cccc(Cl)c4c3)cc2C(=O)N2CCc3ccccc3C2)n1,10
COc1ccc(Nc2nnc(-c3c[nH]c4ccccc34)o2)cc1,29050
Cc1ccc(Nc2nnc(-c3c[nH]c4ccccc34)o2)cc1,21120
Clc1cccc(Nc2nnc(-c3c[nH]c4ccccc34)o2)c1,660
O=[N+]([O-])c1ccc(Nc2nnc(-c3c[nH]c4ccccc34)o2)cc1,3830
O=[N+]([O-])c1ccccc1Nc1nnc(-c2c[nH]c3ccccc23)o1,1240
CC1(C)CCC(c2ccc(Cl)cc2)=C(CN2CCc3ccc(C(=O)NS(=O)(=O)c4ccc(N[C@H](CCN5CCOCC5)CSc5ccccc5)c(S(=O)(=O)C(F)(F)F)c4)cc3CC2)C1,193
Cn1ccc(S(=O)(=O)NC(=O)c2ccc(N3CCN(CC4=C(c5ccc(Cl)cc5)CCC(C)(C)C4)CC3)cc2)n1,67.4
CN1CCN(S(=O)(=O)NC(=O)c2ccc(N3CCN(CC4=C(c5ccc(Cl)cc5)CCC(C)(C)C4)CC3)cc2)CC1,168
CC1(C)CCC(c2ccc(Cl)cc2)=C(CN2CCN(c3ccc(C(=O)NS(C)(=O)=O)cc3)CC2)C1,495
CC1(C)CCC(c2ccc(Cl)cc2)=C(CNC2(Cn3cnc4ccc(C(=O)NS(=O)(=O)c5ccc(N[C@H](CCN6CCOCC6)CSc6ccccc6)c(S(=O)(=O)C(F)(F)F)c5)cc43)CC2)C1,1000
CC1(C)CCC(c2ccc(Cl)cc2)=C(CNC2(Cn3cnc4cc(C(=O)NS(=O)(=O)c5ccc(N[C@H](CCN6CCOCC6)CSc6ccccc6)c(S(=O)(=O)C(F)(F)F)c5)ccc43)CC2)C1,108
CC1(C)CCC(c2ccc(Cl)cc2)=C(CN2CCc3nc(C(=O)NS(=O)(=O)c4ccc(N[C@H](CCN5CCOCC5)CSc5ccccc5)c(S(=O)(=O)C(F)(F)F)c4)sc3C2)C1,38.1
CC1(C)CCC(c2ccc(Cl)cc2)=C(CN2CCc3sc(C(=O)NS(=O)(=O)c4ccc(N[C@H](CCN5CCOCC5)CSc5ccccc5)c(S(=O)(=O)C(F)(F)F)c4)cc3C2)C1,57.9
CC1(C)CCC(c2ccc(Cl)cc2)=C(CN2CCc3cc(C(=O)NS(=O)(=O)c4ccc(N[C@H](CCN5CCOCC5)CSc5ccccc5)c(S(=O)(=O)C(F)(F)F)c4)ccc3C2)C1,12.6
CC1(C)CCC(c2ccc(Cl)cc2)=C(CN2CCN(c3ccc(C(=O)NS(=O)(=O)c4ccc(NCC5(CN6CC(F)(F)C6)COC5)c(S(=O)(=O)C(F)(F)F)c4)cc3)CC2)C1,17.3
CC1(C)CCC(c2ccc(Cl)cc2)=C(CN2CCN(c3ccc(C(=O)NS(=O)(=O)c4ccc(OCC5(CN6CCOCC6)COC5)c(S(=O)(=O)C(F)(F)F)c4)cc3)CC2)C1,14.5
CC1(C)CCC(c2ccc(Cl)cc2)=C(CN2CCN(c3ccc(C(=O)NS(=O)(=O)c4ccc(N[C@@H](CC5CC5)CN5CCOCC5)c(S(=O)(=O)C(F)(F)F)c4)cc3)CC2)C1,20.7
CC1(C)CCC(c2ccc(Cl)cc2)=C(CN2CCN(c3ccc(C(=O)NS(=O)(=O)c4ccc(N[C@@H](CC5CC5)C(=O)N5CCOCC5)c(S(=O)(=O)C(F)(F)F)c4)cc3)CC2)C1,68.2
CC1(C)CCC(c2ccc(Cl)cc2)=C(CN2CCN(c3ccc(C(=O)NS(=O)(=O)c4ccc(NC5(CN6CC(F)(F)C6)CC5)c(S(=O)(=O)C(F)(F)F)c4)cc3)CC2)C1,34.8
CC1(C)CCC(c2ccc(Cl)cc2)=C(CN2CCN(c3ccc(C(=O)NS(=O)(=O)c4ccc(NC5(CN6CCOCC6)CC5)c(S(=O)(=O)C(F)(F)F)c4)cc3)CC2)C1,40.7
CN(CCO)c1ccc(S(=O)(=O)NC(=O)c2ccc(N3CCN(CC4=C(c5ccc(Cl)cc5)CCC(C)(C)C4)CC3)cc2)cc1S(=O)(=O)C(F)(F)F,46
CC1(C)CCC(c2ccc(Cl)cc2)=C(CN2CCN(c3ccc(C(=O)NS(=O)(=O)c4ccc(N5CC(F)(F)C5)c(S(=O)(=O)C(F)(F)F)c4)cc3)CC2)C1,46.6
CN(C)c1ccc(S(=O)(=O)NC(=O)c2ccc(N3CCN(CC4=C(c5ccc(Cl)cc5)CCC(C)(C)C4)CC3)cc2)cc1S(=O)(=O)C(F)(F)F,65.1
C[C@@H]1CC[C@H]2[C@@H](C)C(OCCNC3CCN(c4ccc(C(=O)NS(=O)(=O)c5ccc(NCC6CCOCC6)c([N+](=O)[O-])c5)c(Oc5cnc6[nH]ccc6c5)c4)CC3)O[C@@H]3O[C@@]4(C)CC[C@@H]1[C@]32OO4,1.9
C[C@@H]1CC[C@H]2[C@@H](C)C(OCCN3CCN(c4ccc(C(=O)NS(=O)(=O)c5ccc(NCC6CCOCC6)c([N+](=O)[O-])c5)c(Oc5cnc6[nH]ccc6c5)c4)C[C@@H]3CO)O[C@@H]3O[C@@]4(C)CC[C@@H]1[C@]32OO4,28.7
C[C@@H]1CC[C@H]2[C@@H](C)C(OCCN3CCN(c4ccc(C(=O)NS(=O)(=O)c5ccc(NCC6CCOCC6)c([N+](=O)[O-])c5)c(Oc5cnc6[nH]ccc6c5)c4)C[C@H]3CO)O[C@@H]3O[C@@]4(C)CC[C@@H]1[C@]32OO4,67.1
C[C@H]1[C@@H](CC(=O)N2CCN(c3ccc(C(=O)NS(=O)(=O)c4ccc(NCC5CCOCC5)c([N+](=O)[O-])c4)c(Oc4cnc5[nH]ccc5c4)c3)CC2)O[C@@H]2O[C@]3(C)O[C@]24[C@H]1CC[C@@H](C)[C@@H]4C[C@H]3O,50.1
C[C@H]1[C@@H](OCCN2CCN(c3ccc(C(=O)NS(=O)(=O)c4ccc(NCC5CCOCC5)c([N+](=O)[O-])c4)c(Oc4cnc5[nH]ccc5c4)c3)CC2)O[C@@H]2O[C@]3(C)O[C@]24[C@H]1CC[C@@H](C)[C@@H]4C[C@H]3O,31.9
C[C@H]1[C@@H](CC(=O)N2CCN(c3ccc(C(=O)NS(=O)(=O)c4ccc(NCC5CCOCC5)c([N+](=O)[O-])c4)c(Oc4cnc5[nH]ccc5c4)c3)CC2)O[C@@H]2O[C@@]3(C)CC[C@H]4[C@H](C)CC[C@@H]1[C@@]24O3,3.5
C[C@H]1[C@@H](OCCN2CCN(c3ccc(C(=O)NS(=O)(=O)c4ccc(NCC5CCOCC5)c([N+](=O)[O-])c4)c(Oc4cnc5[nH]ccc5c4)c3)CC2)O[C@@H]2O[C@@]3(C)CC[C@H]4[C@H](C)CC[C@@H]1[C@@]24O3,2.2
C[C@H]1[C@@H](CCN2CCN(c3ccc(C(=O)NS(=O)(=O)c4ccc(NCC5CCOCC5)c([N+](=O)[O-])c4)c(Oc4cnc5[nH]ccc5c4)c3)CC2)O[C@@H]2O[C@@]3(C)CC[C@H]4[C@H](C)CC[C@@H]1[C@@]24O3,1.8
C[C@@H]1CC[C@H]2C(CN3CCN(c4ccc(C(=O)NS(=O)(=O)c5ccc(NCC6CCOCC6)c([N+](=O)[O-])c5)c(Oc5cnc6[nH]ccc6c5)c4)CC3)=C(C(F)(F)F)O[C@@H]3O[C@@]4(C)CC[C@@H]1[C@]32O4,2.8
CO[C@H]1OC2O[C@@]3(C)CC[C@H]4[C@H](C)CC[C@@H]([C@]1(C)CC(=O)N1CCN(c5ccc(C(=O)NS(=O)(=O)c6ccc(NCC7CCOCC7)c([N+](=O)[O-])c6)c(Oc6cnc7[nH]ccc7c6)c5)CC1)[C@@]24OO3,34.7
C[C@@H]1CC[C@@H]2[C@]34OO[C@](C)(CC[C@@H]13)O[C@H]4O[C@]2(C)C(=O)N1CCN(c2ccc(C(=O)NS(=O)(=O)c3ccc(NCC4CCOCC4)c([N+](=O)[O-])c3)c(Oc3cnc4[nH]ccc4c3)c2)CC1,13
C[C@H]1[C@@H](CC(=O)N2CCN(c3ccc(C(=O)NS(=O)(=O)c4ccc(NCC5CCOCC5)c([N+](=O)[O-])c4)c(Oc4cnc5[nH]ccc5c4)c3)CC2)O[C@@H]2O[C@@]3(C)CC[C@H]4[C@H](C)CC[C@@H]1[C@@]24OO3,11.9
C[C@H]1[C@H](N(C)CCN2CCN(c3ccc(C(=O)NS(=O)(=O)c4ccc(NCC5CCOCC5)c([N+](=O)[O-])c4)c(Oc4cnc5[nH]ccc5c4)c3)CC2)O[C@@H]2O[C@@]3(C)CC[C@H]4[C@H](C)CC[C@@H]1[C@@]24OO3,16.7
C[C@@H]1CC[C@H]2[C@@](C)(O)[C@@H](OCCN3CCN(c4ccc(C(=O)NS(=O)(=O)c5ccc(NCC6CCOCC6)c([N+](=O)[O-])c5)c(Oc5cnc6[nH]ccc6c5)c4)CC3)O[C@@H]3O[C@@]4(C)CC[C@@H]1[C@]32OO4,86.5
C[C@H]1[C@@H](OCCN2CCN(c3ccc(C(=O)NS(=O)(=O)c4ccc(NCC5CCOCC5)c([N+](=O)[O-])c4)c(Oc4cnc5[nH]ccc5c4)c3)CC2)O[C@@H]2O[C@@]3(C)CC[C@H]4[C@H](C)CC[C@@H]1[C@@]24OO3,5
C[C@H]1[C@@H](CCCN2CCN(c3ccc(C(=O)NS(=O)(=O)c4ccc(NCC5CCOCC5)c([N+](=O)[O-])c4)c(Oc4cnc5[nH]ccc5c4)c3)CC2)O[C@@H]2O[C@@]3(C)CC[C@H]4[C@H](C)CC[C@@H]1[C@@]24OO3,1.2
C[C@H]1[C@@H](CCN2CCN(c3ccc(C(=O)NS(=O)(=O)c4ccc(NCC5CCOCC5)c([N+](=O)[O-])c4)c(Oc4cnc5[nH]ccc5c4)c3)CC2)O[C@@H]2O[C@@]3(C)CC[C@H]4[C@H](C)CC[C@@H]1[C@@]24OO3,9.7
C[C@@H]1CC[C@H]2C(CN3CCN(c4ccc(C(=O)NS(=O)(=O)c5ccc(NCC6CCOCC6)c([N+](=O)[O-])c5)c(Oc5cnc6[nH]ccc6c5)c4)CC3)=C(C(F)(F)F)O[C@@H]3O[C@@]4(C)CC[C@@H]1[C@]32OO4,6.2
N#CC1=C(C#N)c2ccc(Sc3ccc(Br)cc3)c3cccc(c23)C1=O,2310
CC(C)(C)c1ccc(C(=O)NCCN2C(=O)c3cccc4c(Sc5ccc(Br)cc5)ccc(c34)C2=O)cc1,3180
COC(=O)CCNC1=C(C#N)C(=O)c2cccc3c(Sc4ccc(Br)cc4)ccc1c23,4520
COC(=O)CCCCC(=O)NCCN1C(=O)c2cccc3c(Sc4ccc(Br)cc4)ccc(c23)C1=O,4780
O=C(CCCCC(=O)NCCN1C(=O)c2cccc3c(Sc4ccc(Br)cc4)ccc(c23)C1=O)NCCNc1cccc2c1C(=O)N(C1CCC(=O)NC1=O)C2=O,15210
O=C(CCCCC(=O)NCCN1C(=O)c2cccc3c(Sc4ccc(Br)cc4)ccc(c23)C1=O)NCCCCNc1cccc2c1C(=O)N(C1CCC(=O)NC1=O)C2=O,10020
O=C(CCCCC(=O)NCCN1C(=O)c2cccc3c(Sc4ccc(Br)cc4)ccc(c23)C1=O)NCCCCCCNc1cccc2c1C(=O)N(C1CCC(=O)NC1=O)C2=O,540
O=C(CCCCCNc1cccc2c1C(=O)N(C1CCC(=O)NC1=O)C2=O)NCCCCCCNC(=O)CCCCC(=O)NCCN1C(=O)c2cccc3c(Sc4ccc(Br)cc4)ccc(c23)C1=O,13470
O=C(CCCCC(=O)NCCN1C(=O)c2cccc3c(Sc4ccc(Br)cc4)ccc(c23)C1=O)NCCOCCOCCNc1cccc2c1C(=O)N(C1CCC(=O)NC1=O)C2=O,4940
O=C(CCCCC(=O)NCCN1C(=O)c2cccc3c(Sc4ccc(Br)cc4)ccc(c23)C1=O)NCCCCCCCCNc1cccc2c1C(=O)N(C1CCC(=O)NC1=O)C2=O,7660
N#CC1=C(NCCC(=O)NCCNc2cccc3c2C(=O)N(C2CCC(=O)NC2=O)C3=O)c2ccc(Sc3ccc(Br)cc3)c3cccc(c23)C1=O,10480
N#CC1=C(NCCC(=O)NCCCCNc2cccc3c2C(=O)N(C2CCC(=O)NC2=O)C3=O)c2ccc(Sc3ccc(Br)cc3)c3cccc(c23)C1=O,9710
N#CC1=C(NCCC(=O)NCCCCCCNc2cccc3c2C(=O)N(C2CCC(=O)NC2=O)C3=O)c2ccc(Sc3ccc(Br)cc3)c3cccc(c23)C1=O,1940
N#CC1=C(NCCC(=O)NCCCCCC(=O)NCCCCCCNc2cccc3c2C(=O)N(C2CCC(=O)NC2=O)C3=O)c2ccc(Sc3ccc(Br)cc3)c3cccc(c23)C1=O,11650
N#CC1=C(NCCC(=O)NCCOCCOCCNc2cccc3c2C(=O)N(C2CCC(=O)NC2=O)C3=O)c2ccc(Sc3ccc(Br)cc3)c3cccc(c23)C1=O,2240
CC1(C)CCC(CN2CCN(c3ccc(C(=O)NS(=O)(=O)c4ccc(NCCCCCC(=O)NO)c([N+](=O)[O-])c4)c(Oc4cnc5[nH]ccc5c4)c3)CC2)=C(c2ccc(Cl)cc2)C1,230
CC1(C)CCC(CN2CCN(c3ccc(C(=O)NS(=O)(=O)c4ccc(NCCCCCCC(=O)NO)c([N+](=O)[O-])c4)c(Oc4cnc5[nH]ccc5c4)c3)CC2)=C(c2ccc(Cl)cc2)C1,240
CC1(C)CCC(CN2CCN(c3ccc(C(=O)NS(=O)(=O)c4ccc(NCCCCCCCC(=O)NO)c([N+](=O)[O-])c4)c(Oc4cnc5[nH]ccc5c4)c3)CC2)=C(c2ccc(Cl)cc2)C1,250
CO[C@H]1/C=C/C[C@H](C)[C@@H](C)S(=O)(=O)NC(=O)c2ccc3c(c2)N(C[C@@H]2CC[C@H]21)C[C@@]1(CCCc2cc(Cl)ccc21)CO3,1930
CCc1sc2ncnc(N[C@@H](C)C(=O)O)c2c1CC,164000
CC[C@H](C)[C@H](NC(=O)[C@H](CCC(=O)O)NC(=O)[C@H](CCCNC(=N)N)NC(=O)[C@H](C)NC(=O)[C@H](Cc1c[nH]c2ccccc12)NC(=O)[C@H](CCC(N)=O)NC(=O)[C@H](CCC(=O)O)NC(=O)[C@@H](N)CCC(=O)O)C(=O)NCC(=O)N[C@@H](C)C(=O)N[C@@H](CCC(N)=O)C(=O)N[C@@H](CC(C)C)C(=O)N[C@@H](CCCNC(=N)N)C(=O)N[C@@H](CCCNC(=N)N)C(=O)N[C@@H](CCSC)C(=O)N[C@@H](C)C(=O)N[C@@H](CC(=O)O)C(=O)N[C@@H](CC(=O)O)C(=O)N[C@@H](CC(C)C)C(=O)N[C@@H](CC(N)=O)C(=O)N[C@@H](C)C(=O)N[C@@H](CCC(N)=O)C(=O)N[C@@H](Cc1ccc(O)cc1)C(=O)N[C@@H](CCC(=O)O)C(=O)N[C@@H](CCCNC(=N)N)C(=O)O,3.3
COc1cc2c(cc1C(CN1CCCC1)c1ccc(-c3ccc(C(=O)NS(=O)(=O)c4ccc(C[C@H](CCN5CCOCC5)CSc5ccccc5)c(S(=O)(=O)C(F)(F)F)c4)cc3)cc1)OCO2,20
C[N+](C)(CC[C@H](CSc1ccccc1)Nc1ccc(S(=O)(=O)NC(=O)c2ccc(N3CCN(Cc4ccccc4-c4ccc(Cl)cc4)CC3)cc2)cc1[N+](=O)[O-])CC(=O)O,500
CCCCN(CCCC)C(=O)c1cc(C)n(-c2ccccc2C(=O)N2Cc3ccccc3C[C@H]2CN)n1,1300
O=C(NS(=O)(=O)c1ccc(N[C@H](CCN2CCOCC2)CSc2ccccc2)c([N+](=O)[O-])c1)c1ccc(-c2ccc(F)cc2)c(S(=O)(=O)F)c1,2000
O=C(NS(=O)(=O)c1ccc(N[C@H](CCN2CCOCC2)CSc2ccccc2)c([N+](=O)[O-])c1)c1ccc(-c2ccc(F)cc2S(=O)(=O)F)cc1,27600
O=C(NS(=O)(=O)c1ccc(N[C@H](CCN2CCOCC2)CSc2ccccc2)c([N+](=O)[O-])c1)c1ccc(-c2ccc(F)c(S(=O)(=O)F)c2)cc1,9700
O=C(NS(=O)(=O)c1ccc(N[C@H](CCN2CCOCC2)CSc2ccccc2)c([N+](=O)[O-])c1)c1ccc(-c2ccc(F)cc2)cc1,6300
CS(=O)(=O)c1cc(C(=O)NS(=O)(=O)c2ccc(N[C@H](CCN3CCOCC3)CSc3ccccc3)c([N+](=O)[O-])c2)ccc1-c1ccc(F)cc1,99000
O=C(NS(=O)(=O)c1ccc(N[C@H](CCN2CCOCC2)CSc2ccccc2)c([N+](=O)[O-])c1)c1ccc(-c2ccc(F)cc2)c(S(=O)(=O)O)c1,55900
C#CCN(C)CC[C@H](CSc1ccccc1)Nc1ccc(S(=O)(=O)NC(=O)c2ccc(-c3ccc(F)cc3)c(S(=O)(=O)F)c2)cc1S(=O)(=O)C(F)(F)F,1300
CC1(C)CCC(CN2CCN(c3ccc(C(=O)NS(=O)(=O)c4ccc(NCC5CCOCC5)c([N+](=O)[O-])c4)c(Oc4cnc5[nH]ccc5c4)c3)CC2)=C(c2ccc(Cl)cc2C(F)(F)F)C1,0.86
CC1(C)CCC(CN2CCN(c3ccc(C(=O)NS(=O)(=O)c4ccc(NCC5CCOCC5)c([N+](=O)[O-])c4)c(Oc4cnc5[nH]ccc5c4)c3)CC2)=C(c2ccc(C(F)(F)F)cc2)C1,1.5
COc1ccc(C2=C(CN3CCN(c4ccc(C(=O)NS(=O)(=O)c5ccc(NCC6CCOCC6)c([N+](=O)[O-])c5)c(Oc5cnc6[nH]ccc6c5)c4)CC3)CCC(C)(C)C2)cc1,3.8
CC1(C)CCC(CN2CCN(c3ccc(C(=O)NS(=O)(=O)c4ccc(NCC5CCOCC5)c([N+](=O)[O-])c4)c(Oc4cnc5[nH]ccc5c4)c3)CC2)=C(c2ccccc2C(F)(F)F)C1,1.7
CC1(C)CCC(CN2CCN(c3ccc(C(=O)NS(=O)(=O)c4ccc(NCC5CCOCC5)c([N+](=O)[O-])c4)c(Oc4cnc5[nH]ccc5c4)c3)CC2)=C(c2ccc(C(F)(F)F)c(Cl)c2)C1,0.8
CN(C)CCCNc1ccc(S(=O)(=O)NC(=O)c2ccc(N3CCN(CC4=C(c5ccc(C(F)(F)F)cc5)CC(C)(C)CC4)CC3)cc2Oc2cnc3[nH]ccc3c2)cc1[N+](=O)[O-],0.89
CCN(CC)CCCNc1ccc(S(=O)(=O)NC(=O)c2ccc(N3CCN(CC4=C(c5ccc(C(F)(F)F)cc5)CC(C)(C)CC4)CC3)cc2Oc2cnc3[nH]ccc3c2)cc1[N+](=O)[O-],0.3
CN1CCC(CNc2ccc(S(=O)(=O)NC(=O)c3ccc(N4CCN(CC5=C(c6ccc(C(F)(F)F)cc6)CC(C)(C)CC5)CC4)cc3Oc3cnc4[nH]ccc4c3)cc2[N+](=O)[O-])C1,2.4
CC(C)C(=O)N1CCC(CNc2ccc(S(=O)(=O)NC(=O)c3ccc(N4CCN(CC5=C(c6ccc(C(F)(F)F)cc6)CC(C)(C)CC5)CC4)cc3Oc3cnc4[nH]ccc4c3)cc2[N+](=O)[O-])CC1,2.4
CC1(C)CCC(CN2CCN(c3ccc(C(=O)NS(=O)(=O)c4ccc(NCC5CCOC5)c([N+](=O)[O-])c4)c(Oc4cnc5[nH]ccc5c4)c3)CC2)=C(c2ccc(C(F)(F)F)cc2)C1,4.7
CC1(C)CCC(CN2CCN(c3ccc(C(=O)NS(=O)(=O)c4ccc(NC5CCOC5)c([N+](=O)[O-])c4)c(Oc4cnc5[nH]ccc5c4)c3)CC2)=C(c2ccc(C(F)(F)F)cc2)C1,1.9
CC1(C)CCC(CN2CCN(c3ccc(C(=O)NS(=O)(=O)c4ccc(OCC5CCOCC5)c([N+](=O)[O-])c4)c(Oc4cnc5[nH]ccc5c4)c3)CC2)=C(c2ccc(C(F)(F)F)cc2)C1,1
CC1(C)CCC(CN2CCN(c3ccc(C(=O)NS(=O)(=O)c4ccc(OC5CCOCC5)c([N+](=O)[O-])c4)c(Oc4cnc5[nH]ccc5c4)c3)CC2)=C(c2ccc(C(F)(F)F)cc2)C1,8.4
CC1(C)CCC(CN2CCN(c3ccc(C(=O)NS(=O)(=O)c4ccc(OCC5CCOC5)c([N+](=O)[O-])c4)c(Oc4cnc5[nH]ccc5c4)c3)CC2)=C(c2ccc(C(F)(F)F)cc2)C1,4.4
CC1(C)CCC(CN2CCN(c3ccc(C(=O)NS(=O)(=O)c4ccc(OCC5CCCOC5)c([N+](=O)[O-])c4)c(Oc4cnc5[nH]ccc5c4)c3)CC2)=C(c2ccc(C(F)(F)F)cc2)C1,3
CC1(C)CCC(CN2CCN(c3ccc(C(=O)NS(=O)(=O)c4ccc(OCC5CCSCC5)c([N+](=O)[O-])c4)c(Oc4cnc5[nH]ccc5c4)c3)CC2)=C(c2ccc(C(F)(F)F)cc2)C1,1.65
CC(Oc1ccc(S(=O)(=O)NC(=O)c2ccc(N3CCN(CC4=C(c5ccc(C(F)(F)F)cc5)CC(C)(C)CC4)CC3)cc2Oc2cnc3[nH]ccc3c2)cc1[N+](=O)[O-])C1CCOCC1,9.2
CN1CCC(COc2ccc(S(=O)(=O)NC(=O)c3ccc(N4CCN(CC5=C(c6ccc(C(F)(F)F)cc6)CC(C)(C)CC5)CC4)cc3Oc3cnc4[nH]ccc4c3)cc2[N+](=O)[O-])C1,0.75
CCN1CCC(COc2ccc(S(=O)(=O)NC(=O)c3ccc(N4CCN(CC5=C(c6ccc(C(F)(F)F)cc6)CC(C)(C)CC5)CC4)cc3Oc3cnc4[nH]ccc4c3)cc2[N+](=O)[O-])CC1,0.5
N#CC1=C(C#N)c2ccc(N3CCSCC3)c3cccc(c23)C1=O,800
N#CC1=C(C#N)c2ccc(Sc3ccccc3)c3cccc(c23)C1=O,1800
CC(C)c1ccc(Sc2ccc3c4c(cccc24)C(=O)C(C#N)=C3C#N)cc1,2800
COc1ccc(Sc2ccc3c4c(cccc24)C(=O)C(C#N)=C3C#N)cc1,6100
N#CC1=C(C#N)c2ccc(NCCO)c3cccc(c23)C1=O,20000
N#CC1=C(C#N)c2ccc(SC3CCCC3)c3cccc(c23)C1=O,8400
N#CC1=C(C#N)c2ccc(SC3CCCCC3)c3cccc(c23)C1=O,8600
N#CC1=C(C#N)c2ccc(NCc3ccccc3)c3cccc(c23)C1=O,14800
N#CC1=C(C#N)c2ccc(NC3CCCCC3)c3cccc(c23)C1=O,20000
N#CC1=C(NCc2ccccc2)c2ccc(SC3CCCCC3)c3cccc(c23)C1=O,5200
N#CC1=C(NCC2CCCCC2)c2ccc(SC3CCCCC3)c3cccc(c23)C1=O,4800
CCCCNC1=C(C#N)C(=O)c2cccc3c(SC4CCCCC4)ccc1c23,16000
N#CC1=C(NCCO)c2ccc(SC3CCCCC3)c3cccc(c23)C1=O,9600
N#CC1=C(NCCC(N)=O)c2ccc(SC3CCCCC3)c3cccc(c23)C1=O,13500
N#CC1=C(NCCN2CCOCC2)c2ccc(SC3CCCCC3)c3cccc(c23)C1=O,18700
O[C@@H]1[C@H](O)[C@@H](COCc2ccc(Cl)cc2)O[C@H]1n1c(NCc2ccc(Cl)c(Cl)c2)nc2cncnc21,20000
CC[n+]1ccccc1/C=c1\s/c(=C2/Sc3ccccc3N2C)c(=O)n1C.[Cl-],20000
CO[C@H]1CC[C@H](CNc2ccc(S(=O)(=O)NC(=O)c3ccc(N4CCN(CC5=C(c6ccc(Cl)cc6)CC(C)(C)CC5)CC4)cc3Oc3cnc4[nH]ccc4c3)cc2[N+](=O)[O-])CC1,1.4
O=C(NS(=O)(=O)c1ccc(NCC2CCOCC2)c([N+](=O)[O-])c1)c1ccc(N2CCN(Cc3ccc(C(F)(F)F)cc3-c3ccc(Cl)cc3)CC2)cc1Oc1cnc2[nH]ccc2c1,296
CN(C)CC#Cc1ccc(OCCCc2sc(N3CCc4cccc(C(=O)Nc5nc6ccccc6s5)c4C3)nc2C(=O)O)c(F)c1,382
O=C(Nc1nc2ccccc2s1)c1cccc2c1CN(c1nc(C(=O)O)c(CCOc3ccc(-n4ncc5cncnc54)cc3)s1)CC2,3.78
Cc1c2c(nn1C)CSCc1cc(n(C)n1)CSc1cc(c3ccccc3c1)OCCCc1c(C(=O)O)n(C)c3c-2c(Cl)ccc13,20000
